Workbook

Sheet Báo cáo
A1: STT | B1: Tổ Hạ Tầng | C1: Số lượng NV | D1: SL mẫu cần đo i-Speed | E1: Đã thực hiện i-Speed | F1: Tỉ lệ hoàn thành i-Speed | G1: SL mẫu cần đo speedtest | H1: Đã thực hiện Speedtest (Theo tuần) | I1: Tỉ lệ hoàn thành Speedtest | J1: SL mẫu đo 5G Speedtest | K1: Tỉ lệ mẫu đo 5G/số mẫu đo SpeedTest (>60%/Tổ)
A2: 1 | B2: Bến Lức | C2: =COUNTIF('DS nhân viên Speedtest'!F:F,B2) -> 14 | D2: =C2*16 -> 224 | E2: ='Tổ Bến Lức'!M6 -> 110 | F2: =E2/D2 -> 0.49107143 | G2: =(C2*16) -> 224 | H2: ='Tổ Bến Lức'!N6 -> 101 | I2: =H2/G2 -> 0.45089286 | J2: ='Tổ Bến Lức'!O6 -> 67 | K2: ='Tổ Bến Lức'!O4 -> 0.66336634
A3: 2 | B3: Đức Hòa | C3: =COUNTIF('DS nhân viên Speedtest'!F:F,B3) -> 13 | D3: =C3*16 -> 208 | E3: ='Tổ Đức Hòa'!M6 -> 23 | F3: =E3/D3 -> 0.11057692 | G3: =(C3*16) -> 208 | H3: ='Tổ Đức Hòa'!N6 -> 21 | I3: =H3/G3 -> 0.10096154 | J3: ='Tổ Đức Hòa'!O6 -> 5 | K3: ='Tổ Đức Hòa'!O4 -> 0.23809524
A4: 3 | B4: Gò Dầu | C4: =COUNTIF('DS nhân viên Speedtest'!F:F,B4) -> 15 | D4: =C4*16 -> 240 | E4: ='Tổ Gò Dầu'!M6 -> 180 | F4: =E4/D4 -> 0.75 | G4: =(C4*16) -> 240 | H4: ='Tổ Gò Dầu'!N6 -> 180 | I4: =H4/G4 -> 0.75 | J4: ='Tổ Gò Dầu'!O6 -> 39 | K4: ='Tổ Gò Dầu'!O4 -> 0.21666667
A5: 4 | B5: Kiến Tường | C5: =COUNTIF('DS nhân viên Speedtest'!F:F,B5) -> 18 | D5: =C5*16 -> 288 | E5: ='Tổ Kiến Tường'!M6 -> 85 | F5: =E5/D5 -> 0.29513889 | G5: =(C5*16) -> 288 | H5: ='Tổ Kiến Tường'!N6 -> 84 | I5: =H5/G5 -> 0.29166667 | J5: ='Tổ Kiến Tường'!O6 -> 0 | K5: ='Tổ Kiến Tường'!O4 -> 0
A6: 5 | B6: Tân An | C6: =COUNTIF('DS nhân viên Speedtest'!F:F,B6) -> 14 | D6: =C6*16 -> 224 | E6: ='Tổ Tân An'!M6 -> 126 | F6: =E6/D6 -> 0.5625 | G6: =(C6*16) -> 224 | H6: ='Tổ Tân An'!N6 -> 126 | I6: =H6/G6 -> 0.5625 | J6: ='Tổ Tân An'!O6 -> 103 | K6: ='Tổ Tân An'!O4 -> 0.81746032
A7: 6 | B7: Tân Châu | C7: =COUNTIF('DS nhân viên Speedtest'!F:F,B7) -> 15 | D7: =C7*16 -> 240 | E7: ='Tổ Tân Châu'!M6 -> 67 | F7: =E7/D7 -> 0.27916667 | G7: =(C7*16) -> 240 | H7: ='Tổ Tân Châu'!N6 -> 68 | I7: =H7/G7 -> 0.28333333 | J7: ='Tổ Tân Châu'!O6 -> 22 | K7: ='Tổ Tân Châu'!O4 -> 0.32352941
A8: 7 | B8: Tân Ninh | C8: =COUNTIF('DS nhân viên Speedtest'!F:F,B8) -> 17 | D8: =C8*16 -> 272 | E8: ='Tổ Tân Ninh'!M6 -> 125 | F8: =E8/D8 -> 0.45955882 | G8: =(C8*16) -> 272 | H8: ='Tổ Tân Ninh'!N6 -> 125 | I8: =H8/G8 -> 0.45955882 | J8: ='Tổ Tân Ninh'!O6 -> 77 | K8: ='Tổ Tân Ninh'!O4 -> 0.54609929
B9: Tây Ninh | C9: =SUM(C2:C8) -> 106 | D9: =C9*16 -> 1696 | E9: =SUM(E2:E8) -> 716 | F9: =E9/D9 -> 0.42216981 | G9: =(C9*16) -> 1696 | H9: =SUM(H2:H8) -> 705 | I9: =H9/G9 -> 0.41568396 | J9: =SUM(J2:J8) -> 313 | K9: =IF(H9 = 0, 0, J9/H9) -> 0.44397163
A12: Ngày báo cáo | B12: =TEXT(DATE(YEAR(TODAY()),MONTH(TODAY()),1),"dd/mm/yyyy")&" - "&TEXT(TODAY(),"dd/mm/yyyy") -> 01/07/2026 - 18/07/2026

Sheet Thay đổi
A1: STT | B1: Đơn vị TTHT ( Cũ - bỏ trống nếu là NV mới) ) | C1: Tên Nhân Viên | D1: Email | E1: SĐT | F1: Link test kết quả mới ( Chỉ nhập khi chưa thực hiện lần đầu hoặc thay đổi thiết bị ) | G1: Đơn vị TTHT ( Mới ) | H1: Ngày thay đổi | I1: Lý do thay đổi | J1: Trạng thái hỗ trợ | K1: X
A2: 1
A3: 2
A4: 3
A5: 4
A6: 5
A7: 6 | J7: =IF(K7 = "x","Đã hỗ trợ xong", IF(C7<> "","Chưa hỗ trợ",""))
A8: 7 | J8: =IF(K8 = "x","Đã hỗ trợ xong", IF(C8<> "","Chưa hỗ trợ",""))
A9: 8 | J9: =IF(K9 = "x","Đã hỗ trợ xong", IF(C9<> "","Chưa hỗ trợ",""))
A10: 9 | J10: =IF(K10 = "x","Đã hỗ trợ xong", IF(C10<> "","Chưa hỗ trợ",""))
A11: 10 | J11: =IF(K11 = "x","Đã hỗ trợ xong", IF(C11<> "","Chưa hỗ trợ",""))
A12: 11 | J12: =IF(K12 = "x","Đã hỗ trợ xong", IF(C12<> "","Chưa hỗ trợ",""))
A13: 12 | J13: =IF(K13 = "x","Đã hỗ trợ xong", IF(C13<> "","Chưa hỗ trợ",""))
A14: 13 | J14: =IF(K14 = "x","Đã hỗ trợ xong", IF(C14<> "","Chưa hỗ trợ",""))
A15: 14 | J15: =IF(K15 = "x","Đã hỗ trợ xong", IF(C15<> "","Chưa hỗ trợ",""))
A16: 15 | J16: =IF(K16 = "x","Đã hỗ trợ xong", IF(C16<> "","Chưa hỗ trợ",""))
A17: 16 | J17: =IF(K17 = "x","Đã hỗ trợ xong", IF(C17<> "","Chưa hỗ trợ",""))
A18: 17 | J18: =IF(K18 = "x","Đã hỗ trợ xong", IF(C18<> "","Chưa hỗ trợ",""))
... A32: 31 | J32: =IF(K32 = "x","Đã hỗ trợ xong", IF(C32<> "","Chưa hỗ trợ",""))

Sheet KQ đo kiểm Speedtest
A1: Nhân viên | B1: Đơn vị | C1: Ngày đo | D1: Số điện thoại | E1: Device ID | F1: Thiết bị | G1: Nhà mạng | H1: Địa chỉ | I1: Download Mbps | J1: Upload Mbps | K1: Mẫu hợp lệ | L1: Máy hỗ trợ 5G | M1: Jitter (ms)
A2: Trương Đình Lợi_TNH | B2: VNPT TNH | C2: 46037 | D2: 914163199 | E2: 467432229 | F2: Galaxy S22 Ultra | G2: Vinaphone | H2: Tây Ninh | I2: 739.107 | J2: 88.205 | K2: TRUE | L2: Có | M2: Nguyên bản | N2: 46062 | O2: =LEFT(A2, LEN(A2) - 4) -> Trương Đình Lợi
A3: Phạm Nguyễn Quang Huy_LAN | B3: VNPT TNH | C3: 46037 | D3: 828926567 | E3: 493854272 | F3: 14T | G3: Vinaphone | H3: Long An | I3: 812.703 | J3: 161.881 | K3: FALSE | L3: Có | M3: Nguyên bản | N3: 46156 | O3: =LEFT(A3, LEN(A3) - 4) -> Phạm Nguyễn Quang Huy
A4: Phạm Nguyễn Quang Huy_LAN | B4: VNPT TNH | C4: 46037 | D4: 947245878 | E4: 493854272 | F4: 14T | G4: Vinaphone | H4: Long An | I4: 812.703 | J4: 161.881 | K4: FALSE | L4: Có | M4: Nguyên bản | N4: 46156 | O4: =LEFT(A4, LEN(A4) - 4) -> Phạm Nguyễn Quang Huy
A5: Nguyễn Hoàng Tuấn_LAN | B5: VNPT TNH | C5: 46037 | D5: 915282271 | E5: 437354149 | F5: Galaxy A54 | G5: Vinaphone | H5: Long An | I5: 90.274 | J5: 53.296 | K5: TRUE | L5: Có | M5: Nguyên bản | N5: 46145 | O5: =LEFT(A5, LEN(A5) - 4) -> Nguyễn Hoàng Tuấn
A6: Nguyễn Hoàng Tuấn_LAN | B6: VNPT TNH | C6: 46037 | D6: 915282271 | E6: 437354149 | F6: Galaxy A54 | G6: Vinaphone | H6: Long An | I6: 90.274 | J6: 53.296 | K6: TRUE | L6: Có | M6: Nguyên bản | N6: 46145 | O6: =LEFT(A6, LEN(A6) - 4) -> Nguyễn Hoàng Tuấn
A7: Hồ Chí Linh_LAN | B7: VNPT TNH | C7: 46037 | D7: 948557338 | E7: 515291346 | F7: HONOR 400 | G7: Vinaphone | H7: Long An | I7: 881.225 | J7: 68.958 | K7: TRUE | L7: Có | M7: Nguyên bản | N7: 46192 | O7: =LEFT(A7, LEN(A7) - 4) -> Hồ Chí Linh
A8: Đinh Phú Trung_LAN | B8: VNPT TNH | C8: 46037 | D8: 918606989 | E8: 438163315 | F8: Galaxy A33 5G | G8: Vinaphone | H8: Long An Province | I8: 33.385 | J8: 21.106 | K8: FALSE | L8: Có | M8: Nguyên bản | N8: 46026 | O8: =LEFT(A8, LEN(A8) - 4) -> Đinh Phú Trung
A9: Đinh Phú Trung_LAN | B9: VNPT TNH | C9: 46037 | D9: 918606989 | E9: 438163315 | F9: Galaxy A33 5G | G9: Vinaphone | H9: Long An Province | I9: 33.385 | J9: 21.106 | K9: FALSE | L9: Có | M9: Nguyên bản | N9: 46026 | O9: =LEFT(A9, LEN(A9) - 4) -> Đinh Phú Trung
A10: Trịnh Minh Trí_LAN | B10: VNPT TNH | C10: 46037 | D10: 918278345 | E10: 511526722 | F10: Galaxy A52s 5G | G10: Vinaphone | H10: Long An Province | I10: 47.502 | J10: 5.699 | K10: TRUE | L10: Có | M10: Nguyên bản | N10: 46027 | O10: =LEFT(A10, LEN(A10) - 4) -> Trịnh Minh Trí
A11: Đặng Ngọc Sơn_LAN | B11: VNPT TNH | C11: 46037 | D11: 949786476 | E11: 514815800 | F11: Redmi Note 12 4G | G11: Vinaphone | H11: Long An Province | I11: 89.407 | J11: 43.324 | K11: TRUE | L11: N/A | M11: Nguyên bản | N11: 46246 | O11: =LEFT(A11, LEN(A11) - 4) -> Đặng Ngọc Sơn
A12: Đỗ Tấn Phát_LAN | B12: VNPT TNH | C12: 46037 | D12: 917769763 | E12: 297808089 | F12: iPhone 12 Pro Max 5G | G12: Vinaphone | H12: Long An Province | I12: 63.557 | J12: 35.383 | K12: TRUE | L12: Có | M12: N/A | N12: 46085 | O12: =LEFT(A12, LEN(A12) - 4) -> Đỗ Tấn Phát
A13: Nguyễn Quang Trực_LAN | B13: VNPT TNH | C13: 46037 | D13: 944653959 | E13: 503405277 | G13: Vinaphone | H13: Long An | I13: 116.735 | J13: 23.001 | K13: FALSE | L13: N/A | M13: Nguyên bản | N13: 46027 | O13: =LEFT(A13, LEN(A13) - 4) -> Nguyễn Quang Trực
A14: Trịnh Minh Trí_LAN | B14: VNPT TNH | C14: 46037 | D14: 918278345 | E14: 511526722 | F14: Galaxy A52s 5G | G14: Vinaphone | H14: Long An Province | I14: 71.234 | J14: 40.429 | K14: TRUE | L14: Có | M14: Nguyên bản | N14: 46085 | O14: =LEFT(A14, LEN(A14) - 4) -> Trịnh Minh Trí
A15: Trịnh Minh Trí_LAN | B15: VNPT TNH | C15: 46037 | D15: 918278345 | E15: 511526722 | F15: Galaxy A52s 5G | G15: Vinaphone | H15: Long An Province | I15: 75.284 | J15: 41.919 | K15: TRUE | L15: Có | M15: Nguyên bản | N15: 43.8 | O15: =LEFT(A15, LEN(A15) - 4) -> Trịnh Minh Trí
A16: Đặng Hoàng Vũ_LAN | B16: VNPT TNH | C16: 46037 | D16: 918616787 | E16: 302371366 | F16: iPhone 12 Pro Max 5G | G16: Vinaphone | H16: Long An Province | I16: 45.479 | J16: 8.919 | K16: TRUE | L16: Có | M16: N/A | N16: 46060 | O16: =LEFT(A16, LEN(A16) - 4) -> Đặng Hoàng Vũ
A17: Đặng Hoàng Vũ_LAN | B17: VNPT TNH | C17: 46037 | D17: 918616787 | E17: 302371366 | F17: iPhone 12 Pro Max 5G | G17: Vinaphone | H17: Long An Province | I17: 45.479 | J17: 8.919 | K17: TRUE | L17: Có | M17: N/A | N17: 46060 | O17: =LEFT(A17, LEN(A17) - 4) -> Đặng Hoàng Vũ
A18: Trịnh Minh Trí_LAN | B18: VNPT TNH | C18: 46037 | D18: 918278345 | E18: 511526722 | F18: Galaxy A52s 5G | G18: Vinaphone | H18: Long An Province | I18: 65.792 | J18: 38.042 | K18: TRUE | L18: Có | M18: Nguyên bản | N18: 46026 | O18: =LEFT(A18, LEN(A18) - 4) -> Trịnh Minh Trí
A19: Trịnh Minh Trí_LAN | B19: VNPT TNH | C19: 46037 | D19: 918278345 | E19: 511526722 | F19: Galaxy A52s 5G | G19: Vinaphone | H19: Long An Province | I19: 64.399 | J19: 42.455 | K19: TRUE | L19: Có | M19: Nguyên bản | N19: 46025 | O19: =LEFT(A19, LEN(A19) - 4) -> Trịnh Minh Trí
A20: Dương Nhật Phương_LAN | B20: VNPT TNH | C20: 46037 | D20: 913352939 | E20: 511935418 | F20: Galaxy A55 | G20: Vinaphone | H20: Long An | I20: 603.624 | J20: 43.749 | K20: TRUE | L20: Có | M20: Nguyên bản | N20: 46106 | O20: =LEFT(A20, LEN(A20) - 4) -> Dương Nhật Phương
A21: Lê Thành Tài_TNH | B21: VNPT TNH | C21: 46037 | D21: 918955485 | E21: 463253403 | F21: GT Neo 5 | G21: Vinaphone | H21: Tây Ninh | I21: 67.186 | J21: 55.694 | K21: TRUE | L21: Có | M21: Nguyên bản | N21: 46209 | O21: =LEFT(A21, LEN(A21) - 4) -> Lê Thành Tài
A22: Lê Thành Tài_TNH | B22: VNPT TNH | C22: 46037 | D22: 918955485 | E22: 463253403 | F22: GT Neo 5 | G22: Vinaphone | H22: Tây Ninh | I22: 102.528 | J22: 41.901 | K22: TRUE | L22: Có | M22: Nguyên bản | N22: 46067 | O22: =LEFT(A22, LEN(A22) - 4) -> Lê Thành Tài
A23: Dương Nhật Phương_LAN | B23: VNPT TNH | C23: 46037 | D23: 913352939 | E23: 511935418 | F23: Galaxy A55 | G23: Vinaphone | H23: Long An | I23: 873.88 | J23: 135.755 | K23: TRUE | L23: Có | M23: Nguyên bản | N23: 46235 | O23: =LEFT(A23, LEN(A23) - 4) -> Dương Nhật Phương
A24: Võ Quang Duy_LAN | B24: VNPT TNH | C24: 46037 | D24: 945833826 | E24: 515016582 | F24: Galaxy S24 Ultra | G24: Vinaphone | H24: Long An | I24: 932.866 | J24: 130.39 | K24: TRUE | L24: Có | M24: Nguyên bản | N24: 46198 | O24: =LEFT(A24, LEN(A24) - 4) -> Võ Quang Duy
A25: Dương Nhật Phương_LAN | B25: VNPT TNH | C25: 46037 | D25: 913352939 | E25: 511935418 | F25: Galaxy A55 | G25: Vinaphone | H25: Long An | I25: 1054.134 | J25: 136.059 | K25: TRUE | L25: Có | M25: Nguyên bản | N25: 40.5 | O25: =LEFT(A25, LEN(A25) - 4) -> Dương Nhật Phương
A26: Dương Nhật Phương_LAN | B26: VNPT TNH | C26: 46037 | D26: 913352939 | E26: 511935418 | F26: Galaxy A55 | G26: Vinaphone | H26: Long An | I26: 1155.736 | J26: 53.503 | K26: TRUE | L26: Có | M26: Nguyên bản | N26: 46073 | O26: =LEFT(A26, LEN(A26) - 4) -> Dương Nhật Phương
A27: Dương Nhật Phương_LAN | B27: VNPT TNH | C27: 46037 | D27: 913352939 | E27: 511935418 | F27: Galaxy A55 | G27: Vinaphone | H27: Long An | I27: 801.992 | J27: 93.734 | K27: TRUE | L27: Có | M27: Nguyên bản | N27: 46223 | O27: =LEFT(A27, LEN(A27) - 4) -> Dương Nhật Phương
A28: Nguyễn Hữu Tân_LAN | B28: VNPT TNH | C28: 46037 | D28: 945663773 | E28: 507335872 | F28: Galaxy S10 | G28: Vinaphone | H28: Long An | I28: 54.86 | J28: 18.837 | K28: TRUE | L28: Không | M28: Rooted | N28: 46279 | O28: =LEFT(A28, LEN(A28) - 4) -> Nguyễn Hữu Tân
A29: Phù Hoàng Thành_LAN | B29: VNPT TNH | C29: 46037 | D29: 832428439 | E29: 494036091 | F29: Redmi Note 10 Pro | G29: Vinaphone | H29: Long An | I29: 57.967 | J29: 43.113 | K29: TRUE | L29: Không | M29: Nguyên bản | N29: 46026 | O29: =LEFT(A29, LEN(A29) - 4) -> Phù Hoàng Thành
A30: Phù Hoàng Thành_LAN | B30: VNPT TNH | C30: 46037 | D30: 852226484 | E30: 494036091 | F30: Redmi Note 10 Pro | G30: Vinaphone | H30: Long An | I30: 57.967 | J30: 43.113 | K30: TRUE | L30: Không | M30: Nguyên bản | N30: 46026 | O30: =LEFT(A30, LEN(A30) - 4) -> Phù Hoàng Thành
A31: Lê Minh Kha_LAN | B31: VNPT TNH | C31: 46037 | D31: 886313796 | E31: 408233038 | F31: 11T Pro | G31: Vinaphone | H31: Long An | I31: 198.851 | J31: 49.918 | K31: TRUE | L31: Có | M31: Nguyên bản | N31: 46146 | O31: =LEFT(A31, LEN(A31) - 4) -> Lê Minh Kha
A32: Lê Minh Kha_LAN | B32: VNPT TNH | C32: 46037 | D32: 829669739 | E32: 408233038 | F32: 11T Pro | G32: Vinaphone | H32: Long An | I32: 198.851 | J32: 49.918 | K32: TRUE | L32: Có | M32: Nguyên bản | N32: 46146 | O32: =LEFT(A32, LEN(A32) - 4) -> Lê Minh Kha
A33: Trần Minh Tuấn1_TNH | B33: VNPT TNH | C33: 46037 | D33: 918128333 | E33: 362213178 | F33: Reno5 5G | G33: Vinaphone | H33: Ho Chi Minh City | I33: 118.727 | J33: 55.155 | K33: TRUE | L33: Có | M33: Nguyên bản | N33: 46209 | O33: =LEFT(A33, LEN(A33) - 4) -> Trần Minh Tuấn1
A34: Huỳnh Phước Yên_LAN | B34: VNPT TNH | C34: 46037 | D34: 918611919 | E34: 321677895 | F34: iPhone 12 Pro Max 5G | G34: Vinaphone | H34: Long An | I34: 778.101 | J34: 129.646 | K34: TRUE | L34: Có | M34: N/A | N34: 46229 | O34: =LEFT(A34, LEN(A34) - 4) -> Huỳnh Phước Yên
A35: Nguyễn Thành Chí_LAN | B35: VNPT TNH | C35: 46037 | D35: 837012768 | E35: 276156622 | F35: iPhone 14 Pro Max | G35: Vinaphone | H35: Long An | I35: 600.473 | J35: 2.948 | K35: TRUE | L35: Có | M35: N/A | N35: 46220 | O35: =LEFT(A35, LEN(A35) - 4) -> Nguyễn Thành Chí
A36: Lê Hoàng Vinh_LAN | B36: VNPT TNH | C36: 46037 | D36: 917714086 | E36: 514807788 | F36: Unknown Device | G36: Vinaphone | H36: Long An | I36: 915.385 | J36: 93.205 | K36: TRUE | L36: Không | M36: Nguyên bản | N36: 46283 | O36: =LEFT(A36, LEN(A36) - 4) -> Lê Hoàng Vinh
A37: Lê Hoàng Vinh_LAN | B37: VNPT TNH | C37: 46037 | D37: 917714086 | E37: 514807788 | F37: Unknown Device | G37: Vinaphone | H37: Long An | I37: 28.373 | J37: 80.145 | K37: TRUE | L37: Không | M37: Nguyên bản | N37: 999.9 | O37: =LEFT(A37, LEN(A37) - 4) -> Lê Hoàng Vinh
A38: Đoàn Nguyễn Tuấn Anh_LAN | B38: VNPT TNH | C38: 46037 | D38: 943541776 | E38: 409462271 | F38: Galaxy A53 | G38: Vinaphone | H38: Ho Chi Minh City | I38: 74.74 | J38: 26.975 | K38: TRUE | L38: Có | M38: Nguyên bản | N38: 46119 | O38: =LEFT(A38, LEN(A38) - 4) -> Đoàn Nguyễn Tuấn Anh
A39: Đoàn Nguyễn Tuấn Anh_LAN | B39: VNPT TNH | C39: 46037 | D39: 943541776 | E39: 409462271 | F39: Galaxy A53 | G39: Vinaphone | H39: Ho Chi Minh City | I39: 90.664 | J39: 28.975 | K39: TRUE | L39: Có | M39: Nguyên bản | N39: 46235 | O39: =LEFT(A39, LEN(A39) - 4) -> Đoàn Nguyễn Tuấn Anh
A40: Đoàn Nguyễn Tuấn Anh_LAN | B40: VNPT TNH | C40: 46037 | D40: 943541776 | E40: 409462271 | F40: Galaxy A53 | G40: Vinaphone | H40: Ho Chi Minh City | I40: 90.554 | J40: 30.042 | K40: TRUE | L40: Có | M40: Nguyên bản | N40: 46162 | O40: =LEFT(A40, LEN(A40) - 4) -> Đoàn Nguyễn Tuấn Anh
A41: Võ Quốc Huy_LAN | B41: VNPT TNH | C41: 46037 | D41: 914390007 | E41: 504830634 | F41: Galaxy A52s 5G | G41: Vinaphone | H41: Long An | I41: 65.716 | J41: 28.386 | K41: TRUE | L41: Có | M41: Nguyên bản | N41: 46114 | O41: =LEFT(A41, LEN(A41) - 4) -> Võ Quốc Huy
A42: Nguyễn Hoàng Tuấn_LAN | B42: VNPT TNH | C42: 46036 | D42: 915282271 | E42: 437354149 | F42: Galaxy A54 | G42: Vinaphone | H42: Long An | I42: 79.233 | J42: 51.666 | K42: TRUE | L42: Có | M42: Nguyên bản | N42: 46083 | O42: =LEFT(A42, LEN(A42) - 4) -> Nguyễn Hoàng Tuấn
A43: Nguyễn Hoàng Tuấn_LAN | B43: VNPT TNH | C43: 46036 | D43: 915282271 | E43: 437354149 | F43: Galaxy A54 | G43: Vinaphone | H43: Long An | I43: 79.233 | J43: 51.666 | K43: TRUE | L43: Có | M43: Nguyên bản | N43: 46083 | O43: =LEFT(A43, LEN(A43) - 4) -> Nguyễn Hoàng Tuấn
A44: Nguyễn Giê Nha_TNH | B44: VNPT TNH | C44: 46036 | D44: 918825152 | E44: 498672022 | F44: Redmi Note 13 4G | G44: Vinaphone | H44: Tây Ninh | I44: 95.807 | J44: 56.765 | K44: TRUE | L44: N/A | M44: Nguyên bản | N44: 46270 | O44: =LEFT(A44, LEN(A44) - 4) -> Nguyễn Giê Nha
A45: Nguyễn Giê Nha_TNH | B45: VNPT TNH | C45: 46036 | D45: 918825152 | E45: 498672022 | F45: Redmi Note 13 4G | G45: Vinaphone | H45: Tây Ninh | I45: 97.509 | J45: 55.701 | K45: TRUE | L45: N/A | M45: Nguyên bản | N45: 46029 | O45: =LEFT(A45, LEN(A45) - 4) -> Nguyễn Giê Nha
A46: Nguyễn Giê Nha_TNH | B46: VNPT TNH | C46: 46036 | D46: 918825152 | E46: 498672022 | F46: Redmi Note 13 4G | G46: Vinaphone | H46: Tây Ninh | I46: 87.046 | J46: 51.378 | K46: TRUE | L46: N/A | M46: Nguyên bản | N46: 46209 | O46: =LEFT(A46, LEN(A46) - 4) -> Nguyễn Giê Nha
A47: Nguyễn Giê Nha_TNH | B47: VNPT TNH | C47: 46036 | D47: 918825152 | E47: 498672022 | F47: Redmi Note 13 4G | G47: Vinaphone | H47: Tây Ninh | I47: 84.126 | J47: 57.007 | K47: TRUE | L47: N/A | M47: Nguyên bản | N47: 46272 | O47: =LEFT(A47, LEN(A47) - 4) -> Nguyễn Giê Nha
A48: Nguyễn Giê Nha_TNH | B48: VNPT TNH | C48: 46036 | D48: 918825152 | E48: 498672022 | F48: Redmi Note 13 4G | G48: Vinaphone | H48: Tây Ninh | I48: 92.249 | J48: 58.478 | K48: TRUE | L48: N/A | M48: Nguyên bản | N48: 46063 | O48: =LEFT(A48, LEN(A48) - 4) -> Nguyễn Giê Nha
A49: Nguyễn Giê Nha_TNH | B49: VNPT TNH | C49: 46036 | D49: 918825152 | E49: 498672022 | F49: Redmi Note 13 4G | G49: Vinaphone | H49: Tây Ninh | I49: 100.292 | J49: 50.291 | K49: TRUE | L49: N/A | M49: Nguyên bản | N49: 46276 | O49: =LEFT(A49, LEN(A49) - 4) -> Nguyễn Giê Nha
A50: Nguyễn Giê Nha_TNH | B50: VNPT TNH | C50: 46036 | D50: 918825152 | E50: 498672022 | F50: Redmi Note 13 4G | G50: Vinaphone | H50: Tây Ninh | I50: 103.72 | J50: 59.159 | K50: TRUE | L50: N/A | M50: Nguyên bản | N50: 13.0 | O50: =LEFT(A50, LEN(A50) - 4) -> Nguyễn Giê Nha
A51: Nguyễn Giê Nha_TNH | B51: VNPT TNH | C51: 46036 | D51: 918825152 | E51: 498672022 | F51: Redmi Note 13 4G | G51: Vinaphone | H51: Tây Ninh | I51: 101.133 | J51: 55.228 | K51: TRUE | L51: N/A | M51: Nguyên bản | N51: 46063 | O51: =LEFT(A51, LEN(A51) - 4) -> Nguyễn Giê Nha
A52: Nguyễn Giê Nha_TNH | B52: VNPT TNH | C52: 46036 | D52: 918825152 | E52: 498672022 | F52: Redmi Note 13 4G | G52: Vinaphone | H52: Tây Ninh | I52: 96.069 | J52: 59.957 | K52: TRUE | L52: N/A | M52: Nguyên bản | N52: 46037 | O52: =LEFT(A52, LEN(A52) - 4) -> Nguyễn Giê Nha
A53: Nguyễn Giê Nha_TNH | B53: VNPT TNH | C53: 46036 | D53: 918825152 | E53: 498672022 | F53: Redmi Note 13 4G | G53: Vinaphone | H53: Tây Ninh | I53: 87.928 | J53: 55.961 | K53: TRUE | L53: N/A | M53: Nguyên bản | N53: 46212 | O53: =LEFT(A53, LEN(A53) - 4) -> Nguyễn Giê Nha
A54: Nguyễn Giê Nha_TNH | B54: VNPT TNH | C54: 46036 | D54: 918825152 | E54: 498672022 | F54: Redmi Note 13 4G | G54: Vinaphone | H54: Tây Ninh | I54: 98.79 | J54: 56.87 | K54: TRUE | L54: N/A | M54: Nguyên bản | N54: 46029 | O54: =LEFT(A54, LEN(A54) - 4) -> Nguyễn Giê Nha
A55: Nguyễn Giê Nha_TNH | B55: VNPT TNH | C55: 46036 | D55: 918825152 | E55: 498672022 | F55: Redmi Note 13 4G | G55: Vinaphone | H55: Tây Ninh | I55: 99.466 | J55: 58.517 | K55: TRUE | L55: N/A | M55: Nguyên bản | N55: 46185 | O55: =LEFT(A55, LEN(A55) - 4) -> Nguyễn Giê Nha
A56: Nguyễn Giê Nha_TNH | B56: VNPT TNH | C56: 46036 | D56: 918825152 | E56: 498672022 | F56: Redmi Note 13 4G | G56: Vinaphone | H56: Tây Ninh | I56: 108.152 | J56: 54.75 | K56: TRUE | L56: N/A | M56: Nguyên bản | N56: 46072 | O56: =LEFT(A56, LEN(A56) - 4) -> Nguyễn Giê Nha
A57: Nguyễn Giê Nha_TNH | B57: VNPT TNH | C57: 46036 | D57: 918825152 | E57: 498672022 | F57: Redmi Note 13 4G | G57: Vinaphone | H57: Tây Ninh | I57: 101.175 | J57: 57.846 | K57: TRUE | L57: N/A | M57: Nguyên bản | N57: 46259 | O57: =LEFT(A57, LEN(A57) - 4) -> Nguyễn Giê Nha
A58: Nguyễn Giê Nha_TNH | B58: VNPT TNH | C58: 46036 | D58: 918825152 | E58: 498672022 | F58: Redmi Note 13 4G | G58: Vinaphone | H58: Tây Ninh | I58: 102.77 | J58: 56.847 | K58: TRUE | L58: N/A | M58: Nguyên bản | N58: 8.0 | O58: =LEFT(A58, LEN(A58) - 4) -> Nguyễn Giê Nha
A59: Nguyễn Giê Nha_TNH | B59: VNPT TNH | C59: 46036 | D59: 918825152 | E59: 498672022 | F59: Redmi Note 13 4G | G59: Vinaphone | H59: Tây Ninh | I59: 94.239 | J59: 21.385 | K59: TRUE | L59: N/A | M59: Nguyên bản | N59: 46063 | O59: =LEFT(A59, LEN(A59) - 4) -> Nguyễn Giê Nha
A60: Nguyễn Giê Nha_TNH | B60: VNPT TNH | C60: 46036 | D60: 918825152 | E60: 498672022 | F60: Redmi Note 13 4G | G60: Vinaphone | H60: Tây Ninh | I60: 102.76 | J60: 56.531 | K60: TRUE | L60: N/A | M60: Nguyên bản | N60: 46148 | O60: =LEFT(A60, LEN(A60) - 4) -> Nguyễn Giê Nha
A61: Nguyễn Giê Nha_TNH | B61: VNPT TNH | C61: 46036 | D61: 918825152 | E61: 498672022 | F61: Redmi Note 13 4G | G61: Vinaphone | H61: Tây Ninh | I61: 106.788 | J61: 57.905 | K61: TRUE | L61: N/A | M61: Nguyên bản | N61: 46040 | O61: =LEFT(A61, LEN(A61) - 4) -> Nguyễn Giê Nha
A62: Nguyễn Giê Nha_TNH | B62: VNPT TNH | C62: 46036 | D62: 918825152 | E62: 498672022 | F62: Redmi Note 13 4G | G62: Vinaphone | H62: Tây Ninh | I62: 86.455 | J62: 56.268 | K62: TRUE | L62: N/A | M62: Nguyên bản | N62: 46213 | O62: =LEFT(A62, LEN(A62) - 4) -> Nguyễn Giê Nha
A63: Nguyễn Giê Nha_TNH | B63: VNPT TNH | C63: 46036 | D63: 918825152 | E63: 498672022 | F63: Redmi Note 13 4G | G63: Vinaphone | H63: Tây Ninh | I63: 104.119 | J63: 58.707 | K63: TRUE | L63: N/A | M63: Nguyên bản | N63: 46029 | O63: =LEFT(A63, LEN(A63) - 4) -> Nguyễn Giê Nha
A64: Nguyễn Giê Nha_TNH | B64: VNPT TNH | C64: 46036 | D64: 918825152 | E64: 498672022 | F64: Redmi Note 13 4G | G64: Vinaphone | H64: Tây Ninh | I64: 78.02 | J64: 57.66 | K64: TRUE | L64: N/A | M64: Nguyên bản | N64: 46115 | O64: =LEFT(A64, LEN(A64) - 4) -> Nguyễn Giê Nha
A65: Nguyễn Giê Nha_TNH | B65: VNPT TNH | C65: 46036 | D65: 918825152 | E65: 498672022 | F65: Redmi Note 13 4G | G65: Vinaphone | H65: Tây Ninh | I65: 116.065 | J65: 57.701 | K65: TRUE | L65: N/A | M65: Nguyên bản | N65: 46150 | O65: =LEFT(A65, LEN(A65) - 4) -> Nguyễn Giê Nha
A66: Nguyễn Giê Nha_TNH | B66: VNPT TNH | C66: 46036 | D66: 918825152 | E66: 498672022 | F66: Redmi Note 13 4G | G66: Vinaphone | H66: Tây Ninh | I66: 81.062 | J66: 55.108 | K66: TRUE | L66: N/A | M66: Nguyên bản | N66: 40.7 | O66: =LEFT(A66, LEN(A66) - 4) -> Nguyễn Giê Nha
A67: Phạm Nguyễn Quang Huy_LAN | B67: VNPT TNH | C67: 46036 | D67: 947245878 | E67: 493854272 | F67: 14T | G67: Vinaphone | H67: Long An Province | I67: 962.533 | J67: 157.409 | K67: FALSE | L67: Có | M67: Nguyên bản | N67: 46057 | O67: =LEFT(A67, LEN(A67) - 4) -> Phạm Nguyễn Quang Huy
A68: Phạm Nguyễn Quang Huy_LAN | B68: VNPT TNH | C68: 46036 | D68: 828926567 | E68: 493854272 | F68: 14T | G68: Vinaphone | H68: Long An Province | I68: 962.533 | J68: 157.409 | K68: FALSE | L68: Có | M68: Nguyên bản | N68: 46057 | O68: =LEFT(A68, LEN(A68) - 4) -> Phạm Nguyễn Quang Huy
A69: Lê Thành Tài_TNH | B69: VNPT TNH | C69: 46036 | D69: 918955485 | E69: 463253403 | F69: GT Neo 5 | G69: Vinaphone | H69: Tây Ninh | I69: 451.803 | J69: 52.902 | K69: TRUE | L69: Có | M69: Nguyên bản | N69: 46119 | O69: =LEFT(A69, LEN(A69) - 4) -> Lê Thành Tài
A70: Lê Thành Tài_TNH | B70: VNPT TNH | C70: 46036 | D70: 918955485 | E70: 463253403 | F70: GT Neo 5 | G70: Vinaphone | H70: Tây Ninh | I70: 490.885 | J70: 56.257 | K70: TRUE | L70: Có | M70: Nguyên bản | N70: 46114 | O70: =LEFT(A70, LEN(A70) - 4) -> Lê Thành Tài
A71: Lê Thành Tài_TNH | B71: VNPT TNH | C71: 46036 | D71: 918955485 | E71: 463253403 | F71: GT Neo 5 | G71: Vinaphone | H71: Tây Ninh | I71: 555.464 | J71: 56.989 | K71: TRUE | L71: Có | M71: Nguyên bản | N71: 8.0 | O71: =LEFT(A71, LEN(A71) - 4) -> Lê Thành Tài
A72: Lê Thành Tài_TNH | B72: VNPT TNH | C72: 46036 | D72: 918955485 | E72: 463253403 | F72: GT Neo 5 | G72: Vinaphone | H72: Tây Ninh | I72: 552.211 | J72: 54.516 | K72: TRUE | L72: Có | M72: Nguyên bản | N72: 46209 | O72: =LEFT(A72, LEN(A72) - 4) -> Lê Thành Tài
A73: Nguyễn Minh Tùng_LAN | B73: VNPT TNH | C73: 46036 | D73: 919786039 | E73: 481505880 | F73: Galaxy Note10+ | G73: Vinaphone | H73: Long An | I73: 188.66 | J73: 18.272 | K73: TRUE | L73: Không | M73: Nguyên bản | N73: 46207 | O73: =LEFT(A73, LEN(A73) - 4) -> Nguyễn Minh Tùng
A74: Nguyễn Phước Thọ_LAN | B74: VNPT TNH | C74: 46036 | D74: 948555492 | E74: 455973985 | F74: Galaxy S22 Ultra | G74: Vinaphone | H74: Long An | I74: 76.675 | J74: 19.603 | K74: TRUE | L74: Có | M74: Nguyên bản | N74: 6.0 | O74: =LEFT(A74, LEN(A74) - 4) -> Nguyễn Phước Thọ
A75: Nguyễn Phước Thọ_LAN | B75: VNPT TNH | C75: 46036 | D75: 911825292 | E75: 455973985 | F75: Galaxy S22 Ultra | G75: Vinaphone | H75: Long An | I75: 76.675 | J75: 19.603 | K75: TRUE | L75: Có | M75: Nguyên bản | N75: 6.0 | O75: =LEFT(A75, LEN(A75) - 4) -> Nguyễn Phước Thọ
A76: Nguyễn Phước Thọ_LAN | B76: VNPT TNH | C76: 46036 | D76: 911825292 | E76: 455973985 | F76: Galaxy S22 Ultra | G76: Vinaphone | H76: Long An | I76: 230.884 | J76: 47.348 | K76: TRUE | L76: Có | M76: Nguyên bản | N76: 46146 | O76: =LEFT(A76, LEN(A76) - 4) -> Nguyễn Phước Thọ
A77: Nguyễn Phước Thọ_LAN | B77: VNPT TNH | C77: 46036 | D77: 948555492 | E77: 455973985 | F77: Galaxy S22 Ultra | G77: Vinaphone | H77: Long An | I77: 230.884 | J77: 47.348 | K77: TRUE | L77: Có | M77: Nguyên bản | N77: 46146 | O77: =LEFT(A77, LEN(A77) - 4) -> Nguyễn Phước Thọ
A78: Nguyễn Phước Thọ_LAN | B78: VNPT TNH | C78: 46036 | D78: 911825292 | E78: 455973985 | F78: Galaxy S22 Ultra | G78: Vinaphone | H78: Long An | I78: 74.598 | J78: 40.455 | K78: TRUE | L78: Có | M78: Nguyên bản | N78: 46245 | O78: =LEFT(A78, LEN(A78) - 4) -> Nguyễn Phước Thọ
A79: Nguyễn Phước Thọ_LAN | B79: VNPT TNH | C79: 46036 | D79: 948555492 | E79: 455973985 | F79: Galaxy S22 Ultra | G79: Vinaphone | H79: Long An | I79: 74.598 | J79: 40.455 | K79: TRUE | L79: Có | M79: Nguyên bản | N79: 46245 | O79: =LEFT(A79, LEN(A79) - 4) -> Nguyễn Phước Thọ
A80: Trương Vũ Hải_TNH | B80: VNPT TNH | C80: 46036 | D80: 911039328 | E80: 404632975 | F80: Galaxy A73 5G | G80: Vinaphone | H80: Tây Ninh | I80: 116.849 | J80: 57.242 | K80: TRUE | L80: Có | M80: Nguyên bản | N80: 46158 | O80: =LEFT(A80, LEN(A80) - 4) -> Trương Vũ Hải
A81: Trịnh Minh Trí_LAN | B81: VNPT TNH | C81: 46036 | D81: 918278345 | E81: 511526722 | F81: Galaxy A52s 5G | G81: Vinaphone | H81: Long An Province | I81: 67.218 | J81: 50.993 | K81: TRUE | L81: Có | M81: Nguyên bản | N81: 46026 | O81: =LEFT(A81, LEN(A81) - 4) -> Trịnh Minh Trí
A82: Trịnh Minh Trí_LAN | B82: VNPT TNH | C82: 46036 | D82: 918278345 | E82: 511526722 | F82: Galaxy A52s 5G | G82: Vinaphone | H82: Long An Province | I82: 80.864 | J82: 51.028 | K82: TRUE | L82: Có | M82: Nguyên bản | N82: 46146 | O82: =LEFT(A82, LEN(A82) - 4) -> Trịnh Minh Trí
A83: Trịnh Minh Trí_LAN | B83: VNPT TNH | C83: 46036 | D83: 918278345 | E83: 511526722 | F83: Galaxy A52s 5G | G83: Vinaphone | H83: Long An Province | I83: 61.136 | J83: 50.839 | K83: TRUE | L83: Có | M83: Nguyên bản | N83: 46131 | O83: =LEFT(A83, LEN(A83) - 4) -> Trịnh Minh Trí
A84: Lê Ân Tình_LAN | B84: VNPT TNH | C84: 46036 | D84: 941202345 | E84: 487556689 | F84: Galaxy S23 Ultra | G84: Vinaphone | H84: Long An | I84: 117.685 | J84: 79.272 | K84: FALSE | L84: Có | M84: Nguyên bản | N84: 46267 | O84: =LEFT(A84, LEN(A84) - 4) -> Lê Ân Tình
A85: Lê Ân Tình_LAN | B85: VNPT TNH | C85: 46036 | D85: 941202345 | E85: 487556689 | F85: Galaxy S23 Ultra | G85: Vinaphone | H85: Long An | I85: 117.685 | J85: 79.272 | K85: FALSE | L85: Có | M85: Nguyên bản | N85: 46267 | O85: =LEFT(A85, LEN(A85) - 4) -> Lê Ân Tình
A86: Trương Vũ Hải_TNH | B86: VNPT TNH | C86: 46036 | D86: 911039328 | E86: 404632975 | F86: Galaxy A73 5G | G86: Vinaphone | H86: Tây Ninh | I86: 773.092 | J86: 43.353 | K86: TRUE | L86: Có | M86: Nguyên bản | N86: 46116 | O86: =LEFT(A86, LEN(A86) - 4) -> Trương Vũ Hải
A87: Trương Vũ Hải_TNH | B87: VNPT TNH | C87: 46036 | D87: 911039328 | E87: 404632975 | F87: Galaxy A73 5G | G87: Vinaphone | H87: Tây Ninh | I87: 771.1 | J87: 39.135 | K87: TRUE | L87: Có | M87: Nguyên bản | N87: 46119 | O87: =LEFT(A87, LEN(A87) - 4) -> Trương Vũ Hải
... A94: Nguyễn Hải Đăng_LAN | B94: VNPT TNH | C94: 46036 | D94: 945796839 | E94: 514818795 | F94: Redmi Note 14 | G94: Vinaphone | H94: Long An | I94: 88.203 | J94: 89.679 | K94: TRUE | L94: Không | M94: Nguyên bản | N94: 46057 | O94: =LEFT(A94, LEN(A94) - 4) -> Nguyễn Hải Đăng
A95: Nguyễn Minh Tùng_LAN | B95: VNPT TNH | C95: 46036 | D95: 919786039 | E95: 481505880 | F95: Galaxy Note10+ | G95: Vinaphone | H95: Long An Province | I95: 193.809 | J95: 21.679 | K95: TRUE | L95: Không | M95: Nguyên bản | N95: 14.0 | O95: =LEFT(A95, LEN(A95) - 4) -> Nguyễn Minh Tùng
A96: Huỳnh Trọng Nam_LAN | B96: VNPT TNH | C96: 46036 | D96: 858919939 | E96: 448167466 | F96: Xiaomi 13 | G96: Vinaphone | H96: Long An | I96: 92.487 | J96: 28.875 | K96: TRUE | L96: Có | M96: Nguyên bản | N96: 46177 | O96: =LEFT(A96, LEN(A96) - 4) -> Huỳnh Trọng Nam
A97: Nguyễn Minh Tùng_LAN | B97: VNPT TNH | C97: 46036 | D97: 919786039 | E97: 481505880 | F97: Galaxy Note10+ | G97: Vinaphone | H97: Long An Province | I97: 181.405 | J97: 51.884 | K97: TRUE | L97: Không | M97: Nguyên bản | N97: 46115 | O97: =LEFT(A97, LEN(A97) - 4) -> Nguyễn Minh Tùng
A98: Nguyễn Minh Tùng_LAN | B98: VNPT TNH | C98: 46036 | D98: 919786039 | E98: 481505880 | F98: Galaxy Note10+ | G98: Vinaphone | H98: Long An Province | I98: 85.155 | J98: 2.952 | K98: TRUE | L98: Không | M98: Nguyên bản | N98: 25.0 | O98: =LEFT(A98, LEN(A98) - 4) -> Nguyễn Minh Tùng
A99: Nguyễn Minh Tùng_LAN | B99: VNPT TNH | C99: 46036 | D99: 919786039 | E99: 481505880 | F99: Galaxy Note10+ | G99: Vinaphone | H99: Long An Province | I99: 199.8 | J99: 18.378 | K99: TRUE | L99: Không | M99: Nguyên bản | N99: 46238 | O99: =LEFT(A99, LEN(A99) - 4) -> Nguyễn Minh Tùng
A100: Nguyễn Văn Long_TNH | B100: VNPT TNH | C100: 46036 | D100: 919669378 | E100: 468081965 | F100: Redmi Note 13 4G | G100: Vinaphone | H100: Tây Ninh | I100: 73.281 | J100: 59.941 | K100: TRUE | L100: N/A | M100: Nguyên bản | N100: 46121 | O100: =LEFT(A100, LEN(A100) - 4) -> Nguyễn Văn Long
A101: Nguyễn Văn Long_TNH | B101: VNPT TNH | C101: 46036 | D101: 919669378 | E101: 468081965 | F101: Redmi Note 13 4G | G101: Vinaphone | H101: Tây Ninh | I101: 71.674 | J101: 56.549 | K101: TRUE | L101: N/A | M101: Nguyên bản | N101: 12.0 | O101: =LEFT(A101, LEN(A101) - 4) -> Nguyễn Văn Long
A102: Nguyễn Văn Long_TNH | B102: VNPT TNH | C102: 46036 | D102: 919669378 | E102: 468081965 | F102: Redmi Note 13 4G | G102: Vinaphone | H102: Tây Ninh | I102: 83.39 | J102: 63.025 | K102: TRUE | L102: N/A | M102: Nguyên bản | N102: 46068 | O102: =LEFT(A102, LEN(A102) - 4) -> Nguyễn Văn Long
A103: Nguyễn Văn Long_TNH | B103: VNPT TNH | C103: 46036 | D103: 919669378 | E103: 468081965 | F103: Redmi Note 13 4G | G103: Vinaphone | H103: Tây Ninh | I103: 90.044 | J103: 63.459 | K103: TRUE | L103: N/A | M103: Nguyên bản | N103: 46211 | O103: =LEFT(A103, LEN(A103) - 4) -> Nguyễn Văn Long
A104: Nguyễn Văn Long_TNH | B104: VNPT TNH | C104: 46036 | D104: 919669378 | E104: 468081965 | F104: Redmi Note 13 4G | G104: Vinaphone | H104: Tây Ninh | I104: 99.018 | J104: 63.183 | K104: TRUE | L104: N/A | M104: Nguyên bản | N104: 46091 | O104: =LEFT(A104, LEN(A104) - 4) -> Nguyễn Văn Long
A105: Nguyễn Minh Tùng_LAN | B105: VNPT TNH | C105: 46036 | D105: 919786039 | E105: 481505880 | F105: Galaxy Note10+ | G105: Vinaphone | H105: Long An | I105: 67.419 | J105: 12.387 | K105: TRUE | L105: Không | M105: Nguyên bản | N105: 46083 | O105: =LEFT(A105, LEN(A105) - 4) -> Nguyễn Minh Tùng
A106: Nguyễn Thanh Hùng_LAN | B106: VNPT TNH | C106: 46036 | D106: 945562692 | E106: 489225750 | F106: Galaxy A55 | G106: Vinaphone | H106: Long An | I106: 154.735 | J106: 67.48 | K106: TRUE | L106: Có | M106: Nguyên bản | N106: 46180 | O106: =LEFT(A106, LEN(A106) - 4) -> Nguyễn Thanh Hùng
...

Sheet Tổ Bến Lức
A1: TRUNG TÂM HẠ TẦNG Kỳ báo cáo: tháng 07 năm 2026 | M1: Kết quả đo (Không điền cột này) | O1: Tổng mẫu đã đo
O2: =COUNTA(J7:J294) -> 101
O3: Tỉ lệ mẫu đo 5G
O4: =IF(O2=0,0,O6/O2) -> 0.66336634
A5: STT | B5: Tổ Hạ Tầng | C5: Tên người thực hiện | D5: SĐT-TEST | E5: Email | F5: Lần đo | G5: Ngày đo DD/MM/YY | H5: i-Speed | J5: SpeedTest | L5: Ghi chú | M5: i-Speed | N5: SpeedTest | O5: 5G
H6: Tốc độ Download | I6: Tốc độ Upload | J6: Tốc độ Download | K6: Tốc độ Upload | M6: =SUM(M7:M470) -> 110 | N6: =SUM(N7:N470) -> 101 | O6: =SUM(O7:O999) -> 67
A7: =IF(INDIRECT("'DS nhân viên Speedtest'!B"& (2+QUOTIENT(ROW()-ROW($A$7),16)))="","",ROW()-ROW($A$7)+1) -> 1 | B7: =IF(A7="","","Tổ Hạ tầng " & 'Báo cáo'!B2) -> Tổ Hạ tầng Bến Lức | C7: =IF(A7="","",INDIRECT("'DS nhân viên Speedtest'!B"& (2+QUOTIENT(A7-1,16)))) -> Đinh Phú Trung | D7: =IF(A7="","",INDIRECT("'DS nhân viên Speedtest'!C"& (2+QUOTIENT(A7-1,16)))) -> 918606989 | E7: =IF(A7="","",INDIRECT("'DS nhân viên Speedtest'!D"& (2+QUOTIENT(A7-1,16)))) -> trungdp.lan@vnpt.vn | F7: =IF(A7="","","Lần "&(MOD(ROW()-ROW($A$7),16)+1)) -> Lần 1 | G7: 46204 | H7: 275 | I7: 57.5 | J7: 617 | K7: 58.1 | M7: =IF(B7="","",IF(OR(G7="",H7="",I7=""),0,1)) -> 1 | N7: =IF(B7="","",IF(OR(G7="",J7="",K7=""),0,1)) -> 1 | O7: =IF(B7="","",IF((J7-0)>200,1,0)) -> 1
A8: =IF(INDIRECT("'DS nhân viên Speedtest'!B"& (2+QUOTIENT(ROW()-ROW($A$7),16)))="","",ROW()-ROW($A$7)+1) -> 2 | B8: =IF(A8="","",B7) -> Tổ Hạ tầng Bến Lức | C8: =IF(A8="","",INDIRECT("'DS nhân viên Speedtest'!B"& (2+QUOTIENT(A8-1,16)))) -> Đinh Phú Trung | D8: =IF(A8="","",INDIRECT("'DS nhân viên Speedtest'!C"& (2+QUOTIENT(A8-1,16)))) -> 918606989 | E8: =IF(A8="","",INDIRECT("'DS nhân viên Speedtest'!D"& (2+QUOTIENT(A8-1,16)))) -> trungdp.lan@vnpt.vn | F8: =IF(A8="","","Lần "&(MOD(ROW()-ROW($A$7),16)+1)) -> Lần 2 | G8: 46204 | H8: 284 | I8: 48.6 | J8: 756 | K8: 44.7 | M8: =IF(B8="","",IF(OR(G8="",H8="",I8=""),0,1)) -> 1 | N8: =IF(B8="","",IF(OR(G8="",J8="",K8=""),0,1)) -> 1 | O8: =IF(B8="","",IF((J8-0)>200,1,0)) -> 1
A9: =IF(INDIRECT("'DS nhân viên Speedtest'!B"& (2+QUOTIENT(ROW()-ROW($A$7),16)))="","",ROW()-ROW($A$7)+1) -> 3 | B9: =IF(A9="","",B8) -> Tổ Hạ tầng Bến Lức | C9: =IF(A9="","",INDIRECT("'DS nhân viên Speedtest'!B"& (2+QUOTIENT(A9-1,16)))) -> Đinh Phú Trung | D9: =IF(A9="","",INDIRECT("'DS nhân viên Speedtest'!C"& (2+QUOTIENT(A9-1,16)))) -> 918606989 | E9: =IF(A9="","",INDIRECT("'DS nhân viên Speedtest'!D"& (2+QUOTIENT(A9-1,16)))) -> trungdp.lan@vnpt.vn | F9: =IF(A9="","","Lần "&(MOD(ROW()-ROW($A$7),16)+1)) -> Lần 3 | G9: 46205 | H9: 107 | I9: 31.4 | J9: 653 | K9: 31.4 | M9: =IF(B9="","",IF(OR(G9="",H9="",I9=""),0,1)) -> 1 | N9: =IF(B9="","",IF(OR(G9="",J9="",K9=""),0,1)) -> 1 | O9: =IF(B9="","",IF((J9-0)>200,1,0)) -> 1
A10: =IF(INDIRECT("'DS nhân viên Speedtest'!B"& (2+QUOTIENT(ROW()-ROW($A$7),16)))="","",ROW()-ROW($A$7)+1) -> 4 | B10: =IF(A10="","",B9) -> Tổ Hạ tầng Bến Lức | C10: =IF(A10="","",INDIRECT("'DS nhân viên Speedtest'!B"& (2+QUOTIENT(A10-1,16)))) -> Đinh Phú Trung | D10: =IF(A10="","",INDIRECT("'DS nhân viên Speedtest'!C"& (2+QUOTIENT(A10-1,16)))) -> 918606989 | E10: =IF(A10="","",INDIRECT("'DS nhân viên Speedtest'!D"& (2+QUOTIENT(A10-1,16)))) -> trungdp.lan@vnpt.vn | F10: =IF(A10="","","Lần "&(MOD(ROW()-ROW($A$7),16)+1)) -> Lần 4 | G10: 46205 | H10: 112 | I10: 31.2 | J10: 692 | K10: 45.1 | M10: =IF(B10="","",IF(OR(G10="",H10="",I10=""),0,1)) -> 1 | N10: =IF(B10="","",IF(OR(G10="",J10="",K10=""),0,1)) -> 1 | O10: =IF(B10="","",IF((J10-0)>200,1,0)) -> 1
A11: =IF(INDIRECT("'DS nhân viên Speedtest'!B"& (2+QUOTIENT(ROW()-ROW($A$7),16)))="","",ROW()-ROW($A$7)+1) -> 5 | B11: =IF(A11="","",B10) -> Tổ Hạ tầng Bến Lức | C11: =IF(A11="","",INDIRECT("'DS nhân viên Speedtest'!B"& (2+QUOTIENT(A11-1,16)))) -> Đinh Phú Trung | D11: =IF(A11="","",INDIRECT("'DS nhân viên Speedtest'!C"& (2+QUOTIENT(A11-1,16)))) -> 918606989 | E11: =IF(A11="","",INDIRECT("'DS nhân viên Speedtest'!D"& (2+QUOTIENT(A11-1,16)))) -> trungdp.lan@vnpt.vn | F11: =IF(A11="","","Lần "&(MOD(ROW()-ROW($A$7),16)+1)) -> Lần 5 | G11: 46205 | H11: 109 | I11: 34 | J11: 748 | K11: 42.7 | M11: =IF(B11="","",IF(OR(G11="",H11="",I11=""),0,1)) -> 1 | N11: =IF(B11="","",IF(OR(G11="",J11="",K11=""),0,1)) -> 1 | O11: =IF(B11="","",IF((J11-0)>200,1,0)) -> 1
A12: =IF(INDIRECT("'DS nhân viên Speedtest'!B"& (2+QUOTIENT(ROW()-ROW($A$7),16)))="","",ROW()-ROW($A$7)+1) -> 6 | B12: =IF(A12="","",B11) -> Tổ Hạ tầng Bến Lức | C12: =IF(A12="","",INDIRECT("'DS nhân viên Speedtest'!B"& (2+QUOTIENT(A12-1,16)))) -> Đinh Phú Trung | D12: =IF(A12="","",INDIRECT("'DS nhân viên Speedtest'!C"& (2+QUOTIENT(A12-1,16)))) -> 918606989 | E12: =IF(A12="","",INDIRECT("'DS nhân viên Speedtest'!D"& (2+QUOTIENT(A12-1,16)))) -> trungdp.lan@vnpt.vn | F12: =IF(A12="","","Lần "&(MOD(ROW()-ROW($A$7),16)+1)) -> Lần 6 | G12: 46205 | H12: 76.4 | I12: 34 | J12: 748 | K12: 45.4 | M12: =IF(B12="","",IF(OR(G12="",H12="",I12=""),0,1)) -> 1 | N12: =IF(B12="","",IF(OR(G12="",J12="",K12=""),0,1)) -> 1 | O12: =IF(B12="","",IF((J12-0)>200,1,0)) -> 1
A13: =IF(INDIRECT("'DS nhân viên Speedtest'!B"& (2+QUOTIENT(ROW()-ROW($A$7),16)))="","",ROW()-ROW($A$7)+1) -> 7 | B13: =IF(A13="","",B12) -> Tổ Hạ tầng Bến Lức | C13: =IF(A13="","",INDIRECT("'DS nhân viên Speedtest'!B"& (2+QUOTIENT(A13-1,16)))) -> Đinh Phú Trung | D13: =IF(A13="","",INDIRECT("'DS nhân viên Speedtest'!C"& (2+QUOTIENT(A13-1,16)))) -> 918606989 | E13: =IF(A13="","",INDIRECT("'DS nhân viên Speedtest'!D"& (2+QUOTIENT(A13-1,16)))) -> trungdp.lan@vnpt.vn | F13: =IF(A13="","","Lần "&(MOD(ROW()-ROW($A$7),16)+1)) -> Lần 7 | G13: 46208 | H13: 78 | I13: 14 | J13: 73 | K13: 11 | M13: =IF(B13="","",IF(OR(G13="",H13="",I13=""),0,1)) -> 1 | N13: =IF(B13="","",IF(OR(G13="",J13="",K13=""),0,1)) -> 1 | O13: =IF(B13="","",IF((J13-0)>200,1,0)) -> 0
A14: =IF(INDIRECT("'DS nhân viên Speedtest'!B"& (2+QUOTIENT(ROW()-ROW($A$7),16)))="","",ROW()-ROW($A$7)+1) -> 8 | B14: =IF(A14="","",B13) -> Tổ Hạ tầng Bến Lức | C14: =IF(A14="","",INDIRECT("'DS nhân viên Speedtest'!B"& (2+QUOTIENT(A14-1,16)))) -> Đinh Phú Trung | D14: =IF(A14="","",INDIRECT("'DS nhân viên Speedtest'!C"& (2+QUOTIENT(A14-1,16)))) -> 918606989 | E14: =IF(A14="","",INDIRECT("'DS nhân viên Speedtest'!D"& (2+QUOTIENT(A14-1,16)))) -> trungdp.lan@vnpt.vn | F14: =IF(A14="","","Lần "&(MOD(ROW()-ROW($A$7),16)+1)) -> Lần 8 | G14: 46209 | H14: 132 | I14: 21 | J14: 100 | K14: 14 | M14: =IF(B14="","",IF(OR(G14="",H14="",I14=""),0,1)) -> 1 | N14: =IF(B14="","",IF(OR(G14="",J14="",K14=""),0,1)) -> 1 | O14: =IF(B14="","",IF((J14-0)>200,1,0)) -> 0
A15: =IF(INDIRECT("'DS nhân viên Speedtest'!B"& (2+QUOTIENT(ROW()-ROW($A$7),16)))="","",ROW()-ROW($A$7)+1) -> 9 | B15: =IF(A15="","",B14) -> Tổ Hạ tầng Bến Lức | C15: =IF(A15="","",INDIRECT("'DS nhân viên Speedtest'!B"& (2+QUOTIENT(A15-1,16)))) -> Đinh Phú Trung | D15: =IF(A15="","",INDIRECT("'DS nhân viên Speedtest'!C"& (2+QUOTIENT(A15-1,16)))) -> 918606989 | E15: =IF(A15="","",INDIRECT("'DS nhân viên Speedtest'!D"& (2+QUOTIENT(A15-1,16)))) -> trungdp.lan@vnpt.vn | F15: =IF(A15="","","Lần "&(MOD(ROW()-ROW($A$7),16)+1)) -> Lần 9 | G15: 46209 | H15: 107 | I15: 15 | J15: 98 | K15: 21 | M15: =IF(B15="","",IF(OR(G15="",H15="",I15=""),0,1)) -> 1 | N15: =IF(B15="","",IF(OR(G15="",J15="",K15=""),0,1)) -> 1 | O15: =IF(B15="","",IF((J15-0)>200,1,0)) -> 0
A16: =IF(INDIRECT("'DS nhân viên Speedtest'!B"& (2+QUOTIENT(ROW()-ROW($A$7),16)))="","",ROW()-ROW($A$7)+1) -> 10 | B16: =IF(A16="","",B15) -> Tổ Hạ tầng Bến Lức | C16: =IF(A16="","",INDIRECT("'DS nhân viên Speedtest'!B"& (2+QUOTIENT(A16-1,16)))) -> Đinh Phú Trung | D16: =IF(A16="","",INDIRECT("'DS nhân viên Speedtest'!C"& (2+QUOTIENT(A16-1,16)))) -> 918606989 | E16: =IF(A16="","",INDIRECT("'DS nhân viên Speedtest'!D"& (2+QUOTIENT(A16-1,16)))) -> trungdp.lan@vnpt.vn | F16: =IF(A16="","","Lần "&(MOD(ROW()-ROW($A$7),16)+1)) -> Lần 10 | G16: 46209 | H16: 77 | I16: 46 | J16: 82 | K16: 13 | M16: =IF(B16="","",IF(OR(G16="",H16="",I16=""),0,1)) -> 1 | N16: =IF(B16="","",IF(OR(G16="",J16="",K16=""),0,1)) -> 1 | O16: =IF(B16="","",IF((J16-0)>200,1,0)) -> 0
A17: =IF(INDIRECT("'DS nhân viên Speedtest'!B"& (2+QUOTIENT(ROW()-ROW($A$7),16)))="","",ROW()-ROW($A$7)+1) -> 11 | B17: =IF(A17="","",B16) -> Tổ Hạ tầng Bến Lức | C17: =IF(A17="","",INDIRECT("'DS nhân viên Speedtest'!B"& (2+QUOTIENT(A17-1,16)))) -> Đinh Phú Trung | D17: =IF(A17="","",INDIRECT("'DS nhân viên Speedtest'!C"& (2+QUOTIENT(A17-1,16)))) -> 918606989 | E17: =IF(A17="","",INDIRECT("'DS nhân viên Speedtest'!D"& (2+QUOTIENT(A17-1,16)))) -> trungdp.lan@vnpt.vn | F17: =IF(A17="","","Lần "&(MOD(ROW()-ROW($A$7),16)+1)) -> Lần 11 | G17: 46209 | H17: 95 | I17: 53 | J17: 93 | K17: 47 | M17: =IF(B17="","",IF(OR(G17="",H17="",I17=""),0,1)) -> 1 | N17: =IF(B17="","",IF(OR(G17="",J17="",K17=""),0,1)) -> 1 | O17: =IF(B17="","",IF((J17-0)>200,1,0)) -> 0
A18: =IF(INDIRECT("'DS nhân viên Speedtest'!B"& (2+QUOTIENT(ROW()-ROW($A$7),16)))="","",ROW()-ROW($A$7)+1) -> 12 | B18: =IF(A18="","",B17) -> Tổ Hạ tầng Bến Lức | C18: =IF(A18="","",INDIRECT("'DS nhân viên Speedtest'!B"& (2+QUOTIENT(A18-1,16)))) -> Đinh Phú Trung | D18: =IF(A18="","",INDIRECT("'DS nhân viên Speedtest'!C"& (2+QUOTIENT(A18-1,16)))) -> 918606989 | E18: =IF(A18="","",INDIRECT("'DS nhân viên Speedtest'!D"& (2+QUOTIENT(A18-1,16)))) -> trungdp.lan@vnpt.vn | F18: =IF(A18="","","Lần "&(MOD(ROW()-ROW($A$7),16)+1)) -> Lần 12 | M18: =IF(B18="","",IF(OR(G18="",H18="",I18=""),0,1)) -> 0 | N18: =IF(B18="","",IF(OR(G18="",J18="",K18=""),0,1)) -> 0 | O18: =IF(B18="","",IF((J18-0)>200,1,0)) -> 0
A19: =IF(INDIRECT("'DS nhân viên Speedtest'!B"& (2+QUOTIENT(ROW()-ROW($A$7),16)))="","",ROW()-ROW($A$7)+1) -> 13 | B19: =IF(A19="","",B18) -> Tổ Hạ tầng Bến Lức | C19: =IF(A19="","",INDIRECT("'DS nhân viên Speedtest'!B"& (2+QUOTIENT(A19-1,16)))) -> Đinh Phú Trung | D19: =IF(A19="","",INDIRECT("'DS nhân viên Speedtest'!C"& (2+QUOTIENT(A19-1,16)))) -> 918606989 | E19: =IF(A19="","",INDIRECT("'DS nhân viên Speedtest'!D"& (2+QUOTIENT(A19-1,16)))) -> trungdp.lan@vnpt.vn | F19: =IF(A19="","","Lần "&(MOD(ROW()-ROW($A$7),16)+1)) -> Lần 13 | M19: =IF(B19="","",IF(OR(G19="",H19="",I19=""),0,1)) -> 0 | N19: =IF(B19="","",IF(OR(G19="",J19="",K19=""),0,1)) -> 0 | O19: =IF(B19="","",IF((J19-0)>200,1,0)) -> 0
A20: =IF(INDIRECT("'DS nhân viên Speedtest'!B"& (2+QUOTIENT(ROW()-ROW($A$7),16)))="","",ROW()-ROW($A$7)+1) -> 14 | B20: =IF(A20="","",B19) -> Tổ Hạ tầng Bến Lức | C20: =IF(A20="","",INDIRECT("'DS nhân viên Speedtest'!B"& (2+QUOTIENT(A20-1,16)))) -> Đinh Phú Trung | D20: =IF(A20="","",INDIRECT("'DS nhân viên Speedtest'!C"& (2+QUOTIENT(A20-1,16)))) -> 918606989 | E20: =IF(A20="","",INDIRECT("'DS nhân viên Speedtest'!D"& (2+QUOTIENT(A20-1,16)))) -> trungdp.lan@vnpt.vn | F20: =IF(A20="","","Lần "&(MOD(ROW()-ROW($A$7),16)+1)) -> Lần 14 | M20: =IF(B20="","",IF(OR(G20="",H20="",I20=""),0,1)) -> 0 | N20: =IF(B20="","",IF(OR(G20="",J20="",K20=""),0,1)) -> 0 | O20: =IF(B20="","",IF((J20-0)>200,1,0)) -> 0
A21: =IF(INDIRECT("'DS nhân viên Speedtest'!B"& (2+QUOTIENT(ROW()-ROW($A$7),16)))="","",ROW()-ROW($A$7)+1) -> 15 | B21: =IF(A21="","",B20) -> Tổ Hạ tầng Bến Lức | C21: =IF(A21="","",INDIRECT("'DS nhân viên Speedtest'!B"& (2+QUOTIENT(A21-1,16)))) -> Đinh Phú Trung | D21: =IF(A21="","",INDIRECT("'DS nhân viên Speedtest'!C"& (2+QUOTIENT(A21-1,16)))) -> 918606989 | E21: =IF(A21="","",INDIRECT("'DS nhân viên Speedtest'!D"& (2+QUOTIENT(A21-1,16)))) -> trungdp.lan@vnpt.vn | F21: =IF(A21="","","Lần "&(MOD(ROW()-ROW($A$7),16)+1)) -> Lần 15 | M21: =IF(B21="","",IF(OR(G21="",H21="",I21=""),0,1)) -> 0 | N21: =IF(B21="","",IF(OR(G21="",J21="",K21=""),0,1)) -> 0 | O21: =IF(B21="","",IF((J21-0)>200,1,0)) -> 0
A22: =IF(INDIRECT("'DS nhân viên Speedtest'!B"& (2+QUOTIENT(ROW()-ROW($A$7),16)))="","",ROW()-ROW($A$7)+1) -> 16 | B22: =IF(A22="","",B21) -> Tổ Hạ tầng Bến Lức | C22: =IF(A22="","",INDIRECT("'DS nhân viên Speedtest'!B"& (2+QUOTIENT(A22-1,16)))) -> Đinh Phú Trung | D22: =IF(A22="","",INDIRECT("'DS nhân viên Speedtest'!C"& (2+QUOTIENT(A22-1,16)))) -> 918606989 | E22: =IF(A22="","",INDIRECT("'DS nhân viên Speedtest'!D"& (2+QUOTIENT(A22-1,16)))) -> trungdp.lan@vnpt.vn | F22: =IF(A22="","","Lần "&(MOD(ROW()-ROW($A$7),16)+1)) -> Lần 16 | M22: =IF(B22="","",IF(OR(G22="",H22="",I22=""),0,1)) -> 0 | N22: =IF(B22="","",IF(OR(G22="",J22="",K22=""),0,1)) -> 0 | O22: =IF(B22="","",IF((J22-0)>200,1,0)) -> 0
A23: =IF(INDIRECT("'DS nhân viên Speedtest'!B"& (2+QUOTIENT(ROW()-ROW($A$7),16)))="","",ROW()-ROW($A$7)+1) -> 17 | B23: =IF(A23="","",B22) -> Tổ Hạ tầng Bến Lức | C23: =IF(A23="","",INDIRECT("'DS nhân viên Speedtest'!B"& (2+QUOTIENT(A23-1,16)))) -> Nguyễn Phước Lộc | D23: =IF(A23="","",INDIRECT("'DS nhân viên Speedtest'!C"& (2+QUOTIENT(A23-1,16)))) -> 813232338 | E23: =IF(A23="","",INDIRECT("'DS nhân viên Speedtest'!D"& (2+QUOTIENT(A23-1,16)))) -> locnp.lan@vnpt.vn | F23: =IF(A23="","","Lần "&(MOD(ROW()-ROW($A$7),16)+1)) -> Lần 1 | G23: 46205 | H23: 280 | I23: 78.9 | J23: 768 | K23: 93.0 | M23: =IF(B23="","",IF(OR(G23="",H23="",I23=""),0,1)) -> 1 | N23: =IF(B23="","",IF(OR(G23="",J23="",K23=""),0,1)) -> 1 | O23: =IF(B23="","",IF((J23-0)>200,1,0)) -> 1
A24: =IF(INDIRECT("'DS nhân viên Speedtest'!B"& (2+QUOTIENT(ROW()-ROW($A$7),16)))="","",ROW()-ROW($A$7)+1) -> 18 | B24: =IF(A24="","",B23) -> Tổ Hạ tầng Bến Lức | C24: =IF(A24="","",INDIRECT("'DS nhân viên Speedtest'!B"& (2+QUOTIENT(A24-1,16)))) -> Nguyễn Phước Lộc | D24: =IF(A24="","",INDIRECT("'DS nhân viên Speedtest'!C"& (2+QUOTIENT(A24-1,16)))) -> 813232338 | E24: =IF(A24="","",INDIRECT("'DS nhân viên Speedtest'!D"& (2+QUOTIENT(A24-1,16)))) -> locnp.lan@vnpt.vn | F24: =IF(A24="","","Lần "&(MOD(ROW()-ROW($A$7),16)+1)) -> Lần 2 | G24: 46206 | H24: 332 | I24: 47.9 | J24: 657 | K24: 25.0 | M24: =IF(B24="","",IF(OR(G24="",H24="",I24=""),0,1)) -> 1 | N24: =IF(B24="","",IF(OR(G24="",J24="",K24=""),0,1)) -> 1 | O24: =IF(B24="","",IF((J24-0)>200,1,0)) -> 1
A25: =IF(INDIRECT("'DS nhân viên Speedtest'!B"& (2+QUOTIENT(ROW()-ROW($A$7),16)))="","",ROW()-ROW($A$7)+1) -> 19 | B25: =IF(A25="","",B24) -> Tổ Hạ tầng Bến Lức | C25: =IF(A25="","",INDIRECT("'DS nhân viên Speedtest'!B"& (2+QUOTIENT(A25-1,16)))) -> Nguyễn Phước Lộc | D25: =IF(A25="","",INDIRECT("'DS nhân viên Speedtest'!C"& (2+QUOTIENT(A25-1,16)))) -> 813232338 | E25: =IF(A25="","",INDIRECT("'DS nhân viên Speedtest'!D"& (2+QUOTIENT(A25-1,16)))) -> locnp.lan@vnpt.vn | F25: =IF(A25="","","Lần "&(MOD(ROW()-ROW($A$7),16)+1)) -> Lần 3 | G25: 46209 | H25: 311 | I25: 47.6 | J25: 747 | K25: 34.5 | M25: =IF(B25="","",IF(OR(G25="",H25="",I25=""),0,1)) -> 1 | N25: =IF(B25="","",IF(OR(G25="",J25="",K25=""),0,1)) -> 1 | O25: =IF(B25="","",IF((J25-0)>200,1,0)) -> 1
A26: =IF(INDIRECT("'DS nhân viên Speedtest'!B"& (2+QUOTIENT(ROW()-ROW($A$7),16)))="","",ROW()-ROW($A$7)+1) -> 20 | B26: =IF(A26="","",B25) -> Tổ Hạ tầng Bến Lức | C26: =IF(A26="","",INDIRECT("'DS nhân viên Speedtest'!B"& (2+QUOTIENT(A26-1,16)))) -> Nguyễn Phước Lộc | D26: =IF(A26="","",INDIRECT("'DS nhân viên Speedtest'!C"& (2+QUOTIENT(A26-1,16)))) -> 813232338 | E26: =IF(A26="","",INDIRECT("'DS nhân viên Speedtest'!D"& (2+QUOTIENT(A26-1,16)))) -> locnp.lan@vnpt.vn | F26: =IF(A26="","","Lần "&(MOD(ROW()-ROW($A$7),16)+1)) -> Lần 4 | G26: 46209 | H26: 322 | I26: 93.0 | J26: 1100 | K26: 121 | M26: =IF(B26="","",IF(OR(G26="",H26="",I26=""),0,1)) -> 1 | N26: =IF(B26="","",IF(OR(G26="",J26="",K26=""),0,1)) -> 1 | O26: =IF(B26="","",IF((J26-0)>200,1,0)) -> 1
A27: =IF(INDIRECT("'DS nhân viên Speedtest'!B"& (2+QUOTIENT(ROW()-ROW($A$7),16)))="","",ROW()-ROW($A$7)+1) -> 21 | B27: =IF(A27="","",B26) -> Tổ Hạ tầng Bến Lức | C27: =IF(A27="","",INDIRECT("'DS nhân viên Speedtest'!B"& (2+QUOTIENT(A27-1,16)))) -> Nguyễn Phước Lộc | D27: =IF(A27="","",INDIRECT("'DS nhân viên Speedtest'!C"& (2+QUOTIENT(A27-1,16)))) -> 813232338 | E27: =IF(A27="","",INDIRECT("'DS nhân viên Speedtest'!D"& (2+QUOTIENT(A27-1,16)))) -> locnp.lan@vnpt.vn | F27: =IF(A27="","","Lần "&(MOD(ROW()-ROW($A$7),16)+1)) -> Lần 5 | G27: 46210 | H27: 309 | I27: 83.6 | J27: 929 | K27: 143 | M27: =IF(B27="","",IF(OR(G27="",H27="",I27=""),0,1)) -> 1 | N27: =IF(B27="","",IF(OR(G27="",J27="",K27=""),0,1)) -> 1 | O27: =IF(B27="","",IF((J27-0)>200,1,0)) -> 1
A28: =IF(INDIRECT("'DS nhân viên Speedtest'!B"& (2+QUOTIENT(ROW()-ROW($A$7),16)))="","",ROW()-ROW($A$7)+1) -> 22 | B28: =IF(A28="","",B27) -> Tổ Hạ tầng Bến Lức | C28: =IF(A28="","",INDIRECT("'DS nhân viên Speedtest'!B"& (2+QUOTIENT(A28-1,16)))) -> Nguyễn Phước Lộc | D28: =IF(A28="","",INDIRECT("'DS nhân viên Speedtest'!C"& (2+QUOTIENT(A28-1,16)))) -> 813232338 | E28: =IF(A28="","",INDIRECT("'DS nhân viên Speedtest'!D"& (2+QUOTIENT(A28-1,16)))) -> locnp.lan@vnpt.vn | F28: =IF(A28="","","Lần "&(MOD(ROW()-ROW($A$7),16)+1)) -> Lần 6 | G28: 46210 | H28: 293 | I28: 42.1 | J28: 763 | K28: 57.9 | M28: =IF(B28="","",IF(OR(G28="",H28="",I28=""),0,1)) -> 1 | N28: =IF(B28="","",IF(OR(G28="",J28="",K28=""),0,1)) -> 1 | O28: =IF(B28="","",IF((J28-0)>200,1,0)) -> 1
A29: =IF(INDIRECT("'DS nhân viên Speedtest'!B"& (2+QUOTIENT(ROW()-ROW($A$7),16)))="","",ROW()-ROW($A$7)+1) -> 23 | B29: =IF(A29="","",B28) -> Tổ Hạ tầng Bến Lức | C29: =IF(A29="","",INDIRECT("'DS nhân viên Speedtest'!B"& (2+QUOTIENT(A29-1,16)))) -> Nguyễn Phước Lộc | D29: =IF(A29="","",INDIRECT("'DS nhân viên Speedtest'!C"& (2+QUOTIENT(A29-1,16)))) -> 813232338 | E29: =IF(A29="","",INDIRECT("'DS nhân viên Speedtest'!D"& (2+QUOTIENT(A29-1,16)))) -> locnp.lan@vnpt.vn | F29: =IF(A29="","","Lần "&(MOD(ROW()-ROW($A$7),16)+1)) -> Lần 7 | G29: 46210 | H29: 283 | I29: 54.4 | J29: 799 | K29: 52.3 | M29: =IF(B29="","",IF(OR(G29="",H29="",I29=""),0,1)) -> 1 | N29: =IF(B29="","",IF(OR(G29="",J29="",K29=""),0,1)) -> 1 | O29: =IF(B29="","",IF((J29-0)>200,1,0)) -> 1
A30: =IF(INDIRECT("'DS nhân viên Speedtest'!B"& (2+QUOTIENT(ROW()-ROW($A$7),16)))="","",ROW()-ROW($A$7)+1) -> 24 | B30: =IF(A30="","",B29) -> Tổ Hạ tầng Bến Lức | C30: =IF(A30="","",INDIRECT("'DS nhân viên Speedtest'!B"& (2+QUOTIENT(A30-1,16)))) -> Nguyễn Phước Lộc | D30: =IF(A30="","",INDIRECT("'DS nhân viên Speedtest'!C"& (2+QUOTIENT(A30-1,16)))) -> 813232338 | E30: =IF(A30="","",INDIRECT("'DS nhân viên Speedtest'!D"& (2+QUOTIENT(A30-1,16)))) -> locnp.lan@vnpt.vn | F30: =IF(A30="","","Lần "&(MOD(ROW()-ROW($A$7),16)+1)) -> Lần 8 | G30: 46211 | H30: 281 | I30: 46081 | J30: 740 | K30: 29.0 | M30: =IF(B30="","",IF(OR(G30="",H30="",I30=""),0,1)) -> 1 | N30: =IF(B30="","",IF(OR(G30="",J30="",K30=""),0,1)) -> 1 | O30: =IF(B30="","",IF((J30-0)>200,1,0)) -> 1
A31: =IF(INDIRECT("'DS nhân viên Speedtest'!B"& (2+QUOTIENT(ROW()-ROW($A$7),16)))="","",ROW()-ROW($A$7)+1) -> 25 | B31: =IF(A31="","",B30) -> Tổ Hạ tầng Bến Lức | C31: =IF(A31="","",INDIRECT("'DS nhân viên Speedtest'!B"& (2+QUOTIENT(A31-1,16)))) -> Nguyễn Phước Lộc | D31: =IF(A31="","",INDIRECT("'DS nhân viên Speedtest'!C"& (2+QUOTIENT(A31-1,16)))) -> 813232338 | E31: =IF(A31="","",INDIRECT("'DS nhân viên Speedtest'!D"& (2+QUOTIENT(A31-1,16)))) -> locnp.lan@vnpt.vn | F31: =IF(A31="","","Lần "&(MOD(ROW()-ROW($A$7),16)+1)) -> Lần 9 | G31: 46213 | H31: 351 | I31: 72.9 | J31: 659 | K31: 64.8 | M31: =IF(B31="","",IF(OR(G31="",H31="",I31=""),0,1)) -> 1 | N31: =IF(B31="","",IF(OR(G31="",J31="",K31=""),0,1)) -> 1 | O31: =IF(B31="","",IF((J31-0)>200,1,0)) -> 1
A32: =IF(INDIRECT("'DS nhân viên Speedtest'!B"& (2+QUOTIENT(ROW()-ROW($A$7),16)))="","",ROW()-ROW($A$7)+1) -> 26 | B32: =IF(A32="","",B31) -> Tổ Hạ tầng Bến Lức | C32: =IF(A32="","",INDIRECT("'DS nhân viên Speedtest'!B"& (2+QUOTIENT(A32-1,16)))) -> Nguyễn Phước Lộc | D32: =IF(A32="","",INDIRECT("'DS nhân viên Speedtest'!C"& (2+QUOTIENT(A32-1,16)))) -> 813232338 | E32: =IF(A32="","",INDIRECT("'DS nhân viên Speedtest'!D"& (2+QUOTIENT(A32-1,16)))) -> locnp.lan@vnpt.vn | F32: =IF(A32="","","Lần "&(MOD(ROW()-ROW($A$7),16)+1)) -> Lần 10 | G32: 46213 | H32: 260 | I32: 67.9 | J32: 669 | K32: 67.3 | M32: =IF(B32="","",IF(OR(G32="",H32="",I32=""),0,1)) -> 1 | N32: =IF(B32="","",IF(OR(G32="",J32="",K32=""),0,1)) -> 1 | O32: =IF(B32="","",IF((J32-0)>200,1,0)) -> 1
A33: =IF(INDIRECT("'DS nhân viên Speedtest'!B"& (2+QUOTIENT(ROW()-ROW($A$7),16)))="","",ROW()-ROW($A$7)+1) -> 27 | B33: =IF(A33="","",B32) -> Tổ Hạ tầng Bến Lức | C33: =IF(A33="","",INDIRECT("'DS nhân viên Speedtest'!B"& (2+QUOTIENT(A33-1,16)))) -> Nguyễn Phước Lộc | D33: =IF(A33="","",INDIRECT("'DS nhân viên Speedtest'!C"& (2+QUOTIENT(A33-1,16)))) -> 813232338 | E33: =IF(A33="","",INDIRECT("'DS nhân viên Speedtest'!D"& (2+QUOTIENT(A33-1,16)))) -> locnp.lan@vnpt.vn | F33: =IF(A33="","","Lần "&(MOD(ROW()-ROW($A$7),16)+1)) -> Lần 11 | G33: 46213 | H33: 268 | I33: 64.8 | J33: 623 | K33: 64.7 | M33: =IF(B33="","",IF(OR(G33="",H33="",I33=""),0,1)) -> 1 | N33: =IF(B33="","",IF(OR(G33="",J33="",K33=""),0,1)) -> 1 | O33: =IF(B33="","",IF((J33-0)>200,1,0)) -> 1
A34: =IF(INDIRECT("'DS nhân viên Speedtest'!B"& (2+QUOTIENT(ROW()-ROW($A$7),16)))="","",ROW()-ROW($A$7)+1) -> 28 | B34: =IF(A34="","",B33) -> Tổ Hạ tầng Bến Lức | C34: =IF(A34="","",INDIRECT("'DS nhân viên Speedtest'!B"& (2+QUOTIENT(A34-1,16)))) -> Nguyễn Phước Lộc | D34: =IF(A34="","",INDIRECT("'DS nhân viên Speedtest'!C"& (2+QUOTIENT(A34-1,16)))) -> 813232338 | E34: =IF(A34="","",INDIRECT("'DS nhân viên Speedtest'!D"& (2+QUOTIENT(A34-1,16)))) -> locnp.lan@vnpt.vn | F34: =IF(A34="","","Lần "&(MOD(ROW()-ROW($A$7),16)+1)) -> Lần 12 | G34: 46213 | H34: 329 | I34: 73 | J34: 594 | K34: 64.6 | M34: =IF(B34="","",IF(OR(G34="",H34="",I34=""),0,1)) -> 1 | N34: =IF(B34="","",IF(OR(G34="",J34="",K34=""),0,1)) -> 1 | O34: =IF(B34="","",IF((J34-0)>200,1,0)) -> 1
A35: =IF(INDIRECT("'DS nhân viên Speedtest'!B"& (2+QUOTIENT(ROW()-ROW($A$7),16)))="","",ROW()-ROW($A$7)+1) -> 29 | B35: =IF(A35="","",B34) -> Tổ Hạ tầng Bến Lức | C35: =IF(A35="","",INDIRECT("'DS nhân viên Speedtest'!B"& (2+QUOTIENT(A35-1,16)))) -> Nguyễn Phước Lộc | D35: =IF(A35="","",INDIRECT("'DS nhân viên Speedtest'!C"& (2+QUOTIENT(A35-1,16)))) -> 813232338 | E35: =IF(A35="","",INDIRECT("'DS nhân viên Speedtest'!D"& (2+QUOTIENT(A35-1,16)))) -> locnp.lan@vnpt.vn | F35: =IF(A35="","","Lần "&(MOD(ROW()-ROW($A$7),16)+1)) -> Lần 13 | M35: =IF(B35="","",IF(OR(G35="",H35="",I35=""),0,1)) -> 0 | N35: =IF(B35="","",IF(OR(G35="",J35="",K35=""),0,1)) -> 0 | O35: =IF(B35="","",IF((J35-0)>200,1,0)) -> 0
A36: =IF(INDIRECT("'DS nhân viên Speedtest'!B"& (2+QUOTIENT(ROW()-ROW($A$7),16)))="","",ROW()-ROW($A$7)+1) -> 30 | B36: =IF(A36="","",B35) -> Tổ Hạ tầng Bến Lức | C36: =IF(A36="","",INDIRECT("'DS nhân viên Speedtest'!B"& (2+QUOTIENT(A36-1,16)))) -> Nguyễn Phước Lộc | D36: =IF(A36="","",INDIRECT("'DS nhân viên Speedtest'!C"& (2+QUOTIENT(A36-1,16)))) -> 813232338 | E36: =IF(A36="","",INDIRECT("'DS nhân viên Speedtest'!D"& (2+QUOTIENT(A36-1,16)))) -> locnp.lan@vnpt.vn | F36: =IF(A36="","","Lần "&(MOD(ROW()-ROW($A$7),16)+1)) -> Lần 14 | M36: =IF(B36="","",IF(OR(G36="",H36="",I36=""),0,1)) -> 0 | N36: =IF(B36="","",IF(OR(G36="",J36="",K36=""),0,1)) -> 0 | O36: =IF(B36="","",IF((J36-0)>200,1,0)) -> 0
A37: =IF(INDIRECT("'DS nhân viên Speedtest'!B"& (2+QUOTIENT(ROW()-ROW($A$7),16)))="","",ROW()-ROW($A$7)+1) -> 31 | B37: =IF(A37="","",B36) -> Tổ Hạ tầng Bến Lức | C37: =IF(A37="","",INDIRECT("'DS nhân viên Speedtest'!B"& (2+QUOTIENT(A37-1,16)))) -> Nguyễn Phước Lộc | D37: =IF(A37="","",INDIRECT("'DS nhân viên Speedtest'!C"& (2+QUOTIENT(A37-1,16)))) -> 813232338 | E37: =IF(A37="","",INDIRECT("'DS nhân viên Speedtest'!D"& (2+QUOTIENT(A37-1,16)))) -> locnp.lan@vnpt.vn | F37: =IF(A37="","","Lần "&(MOD(ROW()-ROW($A$7),16)+1)) -> Lần 15 | M37: =IF(B37="","",IF(OR(G37="",H37="",I37=""),0,1)) -> 0 | N37: =IF(B37="","",IF(OR(G37="",J37="",K37=""),0,1)) -> 0 | O37: =IF(B37="","",IF((J37-0)>200,1,0)) -> 0
A38: =IF(INDIRECT("'DS nhân viên Speedtest'!B"& (2+QUOTIENT(ROW()-ROW($A$7),16)))="","",ROW()-ROW($A$7)+1) -> 32 | B38: =IF(A38="","",B37) -> Tổ Hạ tầng Bến Lức | C38: =IF(A38="","",INDIRECT("'DS nhân viên Speedtest'!B"& (2+QUOTIENT(A38-1,16)))) -> Nguyễn Phước Lộc | D38: =IF(A38="","",INDIRECT("'DS nhân viên Speedtest'!C"& (2+QUOTIENT(A38-1,16)))) -> 813232338 | E38: =IF(A38="","",INDIRECT("'DS nhân viên Speedtest'!D"& (2+QUOTIENT(A38-1,16)))) -> locnp.lan@vnpt.vn | F38: =IF(A38="","","Lần "&(MOD(ROW()-ROW($A$7),16)+1)) -> Lần 16 | M38: =IF(B38="","",IF(OR(G38="",H38="",I38=""),0,1)) -> 0 | N38: =IF(B38="","",IF(OR(G38="",J38="",K38=""),0,1)) -> 0 | O38: =IF(B38="","",IF((J38-0)>200,1,0)) -> 0
A39: =IF(INDIRECT("'DS nhân viên Speedtest'!B"& (2+QUOTIENT(ROW()-ROW($A$7),16)))="","",ROW()-ROW($A$7)+1) -> 33 | B39: =IF(A39="","",B38) -> Tổ Hạ tầng Bến Lức | C39: =IF(A39="","",INDIRECT("'DS nhân viên Speedtest'!B"& (2+QUOTIENT(A39-1,16)))) -> Nguyễn Khương Minh | D39: =IF(A39="","",INDIRECT("'DS nhân viên Speedtest'!C"& (2+QUOTIENT(A39-1,16)))) -> 913443091 | E39: =IF(A39="","",INDIRECT("'DS nhân viên Speedtest'!D"& (2+QUOTIENT(A39-1,16)))) -> minhnk.lan@vnpt.vn | F39: =IF(A39="","","Lần "&(MOD(ROW()-ROW($A$7),16)+1)) -> Lần 1 | G39: 46204 | H39: 275 | I39: 102 | J39: 480 | K39: 135 | M39: =IF(B39="","",IF(OR(G39="",H39="",I39=""),0,1)) -> 1 | N39: =IF(B39="","",IF(OR(G39="",J39="",K39=""),0,1)) -> 1 | O39: =IF(B39="","",IF((J39-0)>200,1,0)) -> 1
A40: =IF(INDIRECT("'DS nhân viên Speedtest'!B"& (2+QUOTIENT(ROW()-ROW($A$7),16)))="","",ROW()-ROW($A$7)+1) -> 34 | B40: =IF(A40="","",B39) -> Tổ Hạ tầng Bến Lức | C40: =IF(A40="","",INDIRECT("'DS nhân viên Speedtest'!B"& (2+QUOTIENT(A40-1,16)))) -> Nguyễn Khương Minh | D40: =IF(A40="","",INDIRECT("'DS nhân viên Speedtest'!C"& (2+QUOTIENT(A40-1,16)))) -> 913443091 | E40: =IF(A40="","",INDIRECT("'DS nhân viên Speedtest'!D"& (2+QUOTIENT(A40-1,16)))) -> minhnk.lan@vnpt.vn | F40: =IF(A40="","","Lần "&(MOD(ROW()-ROW($A$7),16)+1)) -> Lần 2 | G40: 46204 | H40: 225 | I40: 101 | J40: 444 | K40: 80 | M40: =IF(B40="","",IF(OR(G40="",H40="",I40=""),0,1)) -> 1 | N40: =IF(B40="","",IF(OR(G40="",J40="",K40=""),0,1)) -> 1 | O40: =IF(B40="","",IF((J40-0)>200,1,0)) -> 1
A41: =IF(INDIRECT("'DS nhân viên Speedtest'!B"& (2+QUOTIENT(ROW()-ROW($A$7),16)))="","",ROW()-ROW($A$7)+1) -> 35 | B41: =IF(A41="","",B40) -> Tổ Hạ tầng Bến Lức | C41: =IF(A41="","",INDIRECT("'DS nhân viên Speedtest'!B"& (2+QUOTIENT(A41-1,16)))) -> Nguyễn Khương Minh | D41: =IF(A41="","",INDIRECT("'DS nhân viên Speedtest'!C"& (2+QUOTIENT(A41-1,16)))) -> 913443091 | E41: =IF(A41="","",INDIRECT("'DS nhân viên Speedtest'!D"& (2+QUOTIENT(A41-1,16)))) -> minhnk.lan@vnpt.vn | F41: =IF(A41="","","Lần "&(MOD(ROW()-ROW($A$7),16)+1)) -> Lần 3 | G41: 46205 | H41: 231 | I41: 49 | J41: 495 | K41: 50 | M41: =IF(B41="","",IF(OR(G41="",H41="",I41=""),0,1)) -> 1 | N41: =IF(B41="","",IF(OR(G41="",J41="",K41=""),0,1)) -> 1 | O41: =IF(B41="","",IF((J41-0)>200,1,0)) -> 1
A42: =IF(INDIRECT("'DS nhân viên Speedtest'!B"& (2+QUOTIENT(ROW()-ROW($A$7),16)))="","",ROW()-ROW($A$7)+1) -> 36 | B42: =IF(A42="","",B41) -> Tổ Hạ tầng Bến Lức | C42: =IF(A42="","",INDIRECT("'DS nhân viên Speedtest'!B"& (2+QUOTIENT(A42-1,16)))) -> Nguyễn Khương Minh | D42: =IF(A42="","",INDIRECT("'DS nhân viên Speedtest'!C"& (2+QUOTIENT(A42-1,16)))) -> 913443091 | E42: =IF(A42="","",INDIRECT("'DS nhân viên Speedtest'!D"& (2+QUOTIENT(A42-1,16)))) -> minhnk.lan@vnpt.vn | F42: =IF(A42="","","Lần "&(MOD(ROW()-ROW($A$7),16)+1)) -> Lần 4 | G42: 46205 | H42: 235 | I42: 66 | J42: 460 | K42: 42 | M42: =IF(B42="","",IF(OR(G42="",H42="",I42=""),0,1)) -> 1 | N42: =IF(B42="","",IF(OR(G42="",J42="",K42=""),0,1)) -> 1 | O42: =IF(B42="","",IF((J42-0)>200,1,0)) -> 1
A43: =IF(INDIRECT("'DS nhân viên Speedtest'!B"& (2+QUOTIENT(ROW()-ROW($A$7),16)))="","",ROW()-ROW($A$7)+1) -> 37 | B43: =IF(A43="","",B42) -> Tổ Hạ tầng Bến Lức | C43: =IF(A43="","",INDIRECT("'DS nhân viên Speedtest'!B"& (2+QUOTIENT(A43-1,16)))) -> Nguyễn Khương Minh | D43: =IF(A43="","",INDIRECT("'DS nhân viên Speedtest'!C"& (2+QUOTIENT(A43-1,16)))) -> 913443091 | E43: =IF(A43="","",INDIRECT("'DS nhân viên Speedtest'!D"& (2+QUOTIENT(A43-1,16)))) -> minhnk.lan@vnpt.vn | F43: =IF(A43="","","Lần "&(MOD(ROW()-ROW($A$7),16)+1)) -> Lần 5 | G43: 46205 | H43: 257 | I43: 80 | J43: 485 | K43: 56 | M43: =IF(B43="","",IF(OR(G43="",H43="",I43=""),0,1)) -> 1 | N43: =IF(B43="","",IF(OR(G43="",J43="",K43=""),0,1)) -> 1 | O43: =IF(B43="","",IF((J43-0)>200,1,0)) -> 1
A44: =IF(INDIRECT("'DS nhân viên Speedtest'!B"& (2+QUOTIENT(ROW()-ROW($A$7),16)))="","",ROW()-ROW($A$7)+1) -> 38 | B44: =IF(A44="","",B43) -> Tổ Hạ tầng Bến Lức | C44: =IF(A44="","",INDIRECT("'DS nhân viên Speedtest'!B"& (2+QUOTIENT(A44-1,16)))) -> Nguyễn Khương Minh | D44: =IF(A44="","",INDIRECT("'DS nhân viên Speedtest'!C"& (2+QUOTIENT(A44-1,16)))) -> 913443091 | E44: =IF(A44="","",INDIRECT("'DS nhân viên Speedtest'!D"& (2+QUOTIENT(A44-1,16)))) -> minhnk.lan@vnpt.vn | F44: =IF(A44="","","Lần "&(MOD(ROW()-ROW($A$7),16)+1)) -> Lần 6 | G44: 46206 | H44: 163 | I44: 45 | J44: 495 | K44: 50 | M44: =IF(B44="","",IF(OR(G44="",H44="",I44=""),0,1)) -> 1 | N44: =IF(B44="","",IF(OR(G44="",J44="",K44=""),0,1)) -> 1 | O44: =IF(B44="","",IF((J44-0)>200,1,0)) -> 1
A45: =IF(INDIRECT("'DS nhân viên Speedtest'!B"& (2+QUOTIENT(ROW()-ROW($A$7),16)))="","",ROW()-ROW($A$7)+1) -> 39 | B45: =IF(A45="","",B44) -> Tổ Hạ tầng Bến Lức | C45: =IF(A45="","",INDIRECT("'DS nhân viên Speedtest'!B"& (2+QUOTIENT(A45-1,16)))) -> Nguyễn Khương Minh | D45: =IF(A45="","",INDIRECT("'DS nhân viên Speedtest'!C"& (2+QUOTIENT(A45-1,16)))) -> 913443091 | E45: =IF(A45="","",INDIRECT("'DS nhân viên Speedtest'!D"& (2+QUOTIENT(A45-1,16)))) -> minhnk.lan@vnpt.vn | F45: =IF(A45="","","Lần "&(MOD(ROW()-ROW($A$7),16)+1)) -> Lần 7 | G45: 46206 | H45: 105 | I45: 33 | J45: 460 | K45: 42 | M45: =IF(B45="","",IF(OR(G45="",H45="",I45=""),0,1)) -> 1 | N45: =IF(B45="","",IF(OR(G45="",J45="",K45=""),0,1)) -> 1 | O45: =IF(B45="","",IF((J45-0)>200,1,0)) -> 1
A46: =IF(INDIRECT("'DS nhân viên Speedtest'!B"& (2+QUOTIENT(ROW()-ROW($A$7),16)))="","",ROW()-ROW($A$7)+1) -> 40 | B46: =IF(A46="","",B45) -> Tổ Hạ tầng Bến Lức | C46: =IF(A46="","",INDIRECT("'DS nhân viên Speedtest'!B"& (2+QUOTIENT(A46-1,16)))) -> Nguyễn Khương Minh | D46: =IF(A46="","",INDIRECT("'DS nhân viên Speedtest'!C"& (2+QUOTIENT(A46-1,16)))) -> 913443091 | E46: =IF(A46="","",INDIRECT("'DS nhân viên Speedtest'!D"& (2+QUOTIENT(A46-1,16)))) -> minhnk.lan@vnpt.vn | F46: =IF(A46="","","Lần "&(MOD(ROW()-ROW($A$7),16)+1)) -> Lần 8 | G46: 46214 | H46: 199 | I46: 61 | J46: 750 | K46: 86 | M46: =IF(B46="","",IF(OR(G46="",H46="",I46=""),0,1)) -> 1 | N46: =IF(B46="","",IF(OR(G46="",J46="",K46=""),0,1)) -> 1 | O46: =IF(B46="","",IF((J46-0)>200,1,0)) -> 1
A47: =IF(INDIRECT("'DS nhân viên Speedtest'!B"& (2+QUOTIENT(ROW()-ROW($A$7),16)))="","",ROW()-ROW($A$7)+1) -> 41 | B47: =IF(A47="","",B46) -> Tổ Hạ tầng Bến Lức | C47: =IF(A47="","",INDIRECT("'DS nhân viên Speedtest'!B"& (2+QUOTIENT(A47-1,16)))) -> Nguyễn Khương Minh | D47: =IF(A47="","",INDIRECT("'DS nhân viên Speedtest'!C"& (2+QUOTIENT(A47-1,16)))) -> 913443091 | E47: =IF(A47="","",INDIRECT("'DS nhân viên Speedtest'!D"& (2+QUOTIENT(A47-1,16)))) -> minhnk.lan@vnpt.vn | F47: =IF(A47="","","Lần "&(MOD(ROW()-ROW($A$7),16)+1)) -> Lần 9 | G47: 46214 | H47: 234 | I47: 66 | J47: 744 | K47: 59 | M47: =IF(B47="","",IF(OR(G47="",H47="",I47=""),0,1)) -> 1 | N47: =IF(B47="","",IF(OR(G47="",J47="",K47=""),0,1)) -> 1 | O47: =IF(B47="","",IF((J47-0)>200,1,0)) -> 1
A48: =IF(INDIRECT("'DS nhân viên Speedtest'!B"& (2+QUOTIENT(ROW()-ROW($A$7),16)))="","",ROW()-ROW($A$7)+1) -> 42 | B48: =IF(A48="","",B47) -> Tổ Hạ tầng Bến Lức | C48: =IF(A48="","",INDIRECT("'DS nhân viên Speedtest'!B"& (2+QUOTIENT(A48-1,16)))) -> Nguyễn Khương Minh | D48: =IF(A48="","",INDIRECT("'DS nhân viên Speedtest'!C"& (2+QUOTIENT(A48-1,16)))) -> 913443091 | E48: =IF(A48="","",INDIRECT("'DS nhân viên Speedtest'!D"& (2+QUOTIENT(A48-1,16)))) -> minhnk.lan@vnpt.vn | F48: =IF(A48="","","Lần "&(MOD(ROW()-ROW($A$7),16)+1)) -> Lần 10 | G48: 46214 | H48: 150 | I48: 56 | J48: 775 | K48: 65 | M48: =IF(B48="","",IF(OR(G48="",H48="",I48=""),0,1)) -> 1 | N48: =IF(B48="","",IF(OR(G48="",J48="",K48=""),0,1)) -> 1 | O48: =IF(B48="","",IF((J48-0)>200,1,0)) -> 1
A49: =IF(INDIRECT("'DS nhân viên Speedtest'!B"& (2+QUOTIENT(ROW()-ROW($A$7),16)))="","",ROW()-ROW($A$7)+1) -> 43 | B49: =IF(A49="","",B48) -> Tổ Hạ tầng Bến Lức | C49: =IF(A49="","",INDIRECT("'DS nhân viên Speedtest'!B"& (2+QUOTIENT(A49-1,16)))) -> Nguyễn Khương Minh | D49: =IF(A49="","",INDIRECT("'DS nhân viên Speedtest'!C"& (2+QUOTIENT(A49-1,16)))) -> 913443091 | E49: =IF(A49="","",INDIRECT("'DS nhân viên Speedtest'!D"& (2+QUOTIENT(A49-1,16)))) -> minhnk.lan@vnpt.vn | F49: =IF(A49="","","Lần "&(MOD(ROW()-ROW($A$7),16)+1)) -> Lần 11 | G49: 46214 | H49: 207 | I49: 69 | J49: 708 | K49: 68 | M49: =IF(B49="","",IF(OR(G49="",H49="",I49=""),0,1)) -> 1 | N49: =IF(B49="","",IF(OR(G49="",J49="",K49=""),0,1)) -> 1 | O49: =IF(B49="","",IF((J49-0)>200,1,0)) -> 1
A50: =IF(INDIRECT("'DS nhân viên Speedtest'!B"& (2+QUOTIENT(ROW()-ROW($A$7),16)))="","",ROW()-ROW($A$7)+1) -> 44 | B50: =IF(A50="","",B49) -> Tổ Hạ tầng Bến Lức | C50: =IF(A50="","",INDIRECT("'DS nhân viên Speedtest'!B"& (2+QUOTIENT(A50-1,16)))) -> Nguyễn Khương Minh | D50: =IF(A50="","",INDIRECT("'DS nhân viên Speedtest'!C"& (2+QUOTIENT(A50-1,16)))) -> 913443091 | E50: =IF(A50="","",INDIRECT("'DS nhân viên Speedtest'!D"& (2+QUOTIENT(A50-1,16)))) -> minhnk.lan@vnpt.vn | F50: =IF(A50="","","Lần "&(MOD(ROW()-ROW($A$7),16)+1)) -> Lần 12 | M50: =IF(B50="","",IF(OR(G50="",H50="",I50=""),0,1)) -> 0 | N50: =IF(B50="","",IF(OR(G50="",J50="",K50=""),0,1)) -> 0 | O50: =IF(B50="","",IF((J50-0)>200,1,0)) -> 0
A51: =IF(INDIRECT("'DS nhân viên Speedtest'!B"& (2+QUOTIENT(ROW()-ROW($A$7),16)))="","",ROW()-ROW($A$7)+1) -> 45 | B51: =IF(A51="","",B50) -> Tổ Hạ tầng Bến Lức | C51: =IF(A51="","",INDIRECT("'DS nhân viên Speedtest'!B"& (2+QUOTIENT(A51-1,16)))) -> Nguyễn Khương Minh | D51: =IF(A51="","",INDIRECT("'DS nhân viên Speedtest'!C"& (2+QUOTIENT(A51-1,16)))) -> 913443091 | E51: =IF(A51="","",INDIRECT("'DS nhân viên Speedtest'!D"& (2+QUOTIENT(A51-1,16)))) -> minhnk.lan@vnpt.vn | F51: =IF(A51="","","Lần "&(MOD(ROW()-ROW($A$7),16)+1)) -> Lần 13 | M51: =IF(B51="","",IF(OR(G51="",H51="",I51=""),0,1)) -> 0 | N51: =IF(B51="","",IF(OR(G51="",J51="",K51=""),0,1)) -> 0 | O51: =IF(B51="","",IF((J51-0)>200,1,0)) -> 0
A52: =IF(INDIRECT("'DS nhân viên Speedtest'!B"& (2+QUOTIENT(ROW()-ROW($A$7),16)))="","",ROW()-ROW($A$7)+1) -> 46 | B52: =IF(A52="","",B51) -> Tổ Hạ tầng Bến Lức | C52: =IF(A52="","",INDIRECT("'DS nhân viên Speedtest'!B"& (2+QUOTIENT(A52-1,16)))) -> Nguyễn Khương Minh | D52: =IF(A52="","",INDIRECT("'DS nhân viên Speedtest'!C"& (2+QUOTIENT(A52-1,16)))) -> 913443091 | E52: =IF(A52="","",INDIRECT("'DS nhân viên Speedtest'!D"& (2+QUOTIENT(A52-1,16)))) -> minhnk.lan@vnpt.vn | F52: =IF(A52="","","Lần "&(MOD(ROW()-ROW($A$7),16)+1)) -> Lần 14 | M52: =IF(B52="","",IF(OR(G52="",H52="",I52=""),0,1)) -> 0 | N52: =IF(B52="","",IF(OR(G52="",J52="",K52=""),0,1)) -> 0 | O52: =IF(B52="","",IF((J52-0)>200,1,0)) -> 0
A53: =IF(INDIRECT("'DS nhân viên Speedtest'!B"& (2+QUOTIENT(ROW()-ROW($A$7),16)))="","",ROW()-ROW($A$7)+1) -> 47 | B53: =IF(A53="","",B52) -> Tổ Hạ tầng Bến Lức | C53: =IF(A53="","",INDIRECT("'DS nhân viên Speedtest'!B"& (2+QUOTIENT(A53-1,16)))) -> Nguyễn Khương Minh | D53: =IF(A53="","",INDIRECT("'DS nhân viên Speedtest'!C"& (2+QUOTIENT(A53-1,16)))) -> 913443091 | E53: =IF(A53="","",INDIRECT("'DS nhân viên Speedtest'!D"& (2+QUOTIENT(A53-1,16)))) -> minhnk.lan@vnpt.vn | F53: =IF(A53="","","Lần "&(MOD(ROW()-ROW($A$7),16)+1)) -> Lần 15 | M53: =IF(B53="","",IF(OR(G53="",H53="",I53=""),0,1)) -> 0 | N53: =IF(B53="","",IF(OR(G53="",J53="",K53=""),0,1)) -> 0 | O53: =IF(B53="","",IF((J53-0)>200,1,0)) -> 0
A54: =IF(INDIRECT("'DS nhân viên Speedtest'!B"& (2+QUOTIENT(ROW()-ROW($A$7),16)))="","",ROW()-ROW($A$7)+1) -> 48 | B54: =IF(A54="","",B53) -> Tổ Hạ tầng Bến Lức | C54: =IF(A54="","",INDIRECT("'DS nhân viên Speedtest'!B"& (2+QUOTIENT(A54-1,16)))) -> Nguyễn Khương Minh | D54: =IF(A54="","",INDIRECT("'DS nhân viên Speedtest'!C"& (2+QUOTIENT(A54-1,16)))) -> 913443091 | E54: =IF(A54="","",INDIRECT("'DS nhân viên Speedtest'!D"& (2+QUOTIENT(A54-1,16)))) -> minhnk.lan@vnpt.vn | F54: =IF(A54="","","Lần "&(MOD(ROW()-ROW($A$7),16)+1)) -> Lần 16 | M54: =IF(B54="","",IF(OR(G54="",H54="",I54=""),0,1)) -> 0 | N54: =IF(B54="","",IF(OR(G54="",J54="",K54=""),0,1)) -> 0 | O54: =IF(B54="","",IF((J54-0)>200,1,0)) -> 0
A55: =IF(INDIRECT("'DS nhân viên Speedtest'!B"& (2+QUOTIENT(ROW()-ROW($A$7),16)))="","",ROW()-ROW($A$7)+1) -> 49 | B55: =IF(A55="","",B54) -> Tổ Hạ tầng Bến Lức | C55: =IF(A55="","",INDIRECT("'DS nhân viên Speedtest'!B"& (2+QUOTIENT(A55-1,16)))) -> Bùi Tấn Bảo | D55: =IF(A55="","",INDIRECT("'DS nhân viên Speedtest'!C"& (2+QUOTIENT(A55-1,16)))) -> 918760639 | E55: =IF(A55="","",INDIRECT("'DS nhân viên Speedtest'!D"& (2+QUOTIENT(A55-1,16)))) -> baobt.lan@vnpt.vn | F55: =IF(A55="","","Lần "&(MOD(ROW()-ROW($A$7),16)+1)) -> Lần 1 | G55: 46212 | H55: 97.3 | I55: 45.5 | J55: 72.8 | K55: 43.2 | M55: =IF(B55="","",IF(OR(G55="",H55="",I55=""),0,1)) -> 1 | N55: =IF(B55="","",IF(OR(G55="",J55="",K55=""),0,1)) -> 1 | O55: =IF(B55="","",IF((J55-0)>200,1,0)) -> 0
A56: =IF(INDIRECT("'DS nhân viên Speedtest'!B"& (2+QUOTIENT(ROW()-ROW($A$7),16)))="","",ROW()-ROW($A$7)+1) -> 50 | B56: =IF(A56="","",B55) -> Tổ Hạ tầng Bến Lức | C56: =IF(A56="","",INDIRECT("'DS nhân viên Speedtest'!B"& (2+QUOTIENT(A56-1,16)))) -> Bùi Tấn Bảo | D56: =IF(A56="","",INDIRECT("'DS nhân viên Speedtest'!C"& (2+QUOTIENT(A56-1,16)))) -> 918760639 | E56: =IF(A56="","",INDIRECT("'DS nhân viên Speedtest'!D"& (2+QUOTIENT(A56-1,16)))) -> baobt.lan@vnpt.vn | F56: =IF(A56="","","Lần "&(MOD(ROW()-ROW($A$7),16)+1)) -> Lần 2 | G56: 46212 | H56: 87 | I56: 42.4 | J56: 91.4 | K56: 40.6 | M56: =IF(B56="","",IF(OR(G56="",H56="",I56=""),0,1)) -> 1 | N56: =IF(B56="","",IF(OR(G56="",J56="",K56=""),0,1)) -> 1 | O56: =IF(B56="","",IF((J56-0)>200,1,0)) -> 0
A57: =IF(INDIRECT("'DS nhân viên Speedtest'!B"& (2+QUOTIENT(ROW()-ROW($A$7),16)))="","",ROW()-ROW($A$7)+1) -> 51 | B57: =IF(A57="","",B56) -> Tổ Hạ tầng Bến Lức | C57: =IF(A57="","",INDIRECT("'DS nhân viên Speedtest'!B"& (2+QUOTIENT(A57-1,16)))) -> Bùi Tấn Bảo | D57: =IF(A57="","",INDIRECT("'DS nhân viên Speedtest'!C"& (2+QUOTIENT(A57-1,16)))) -> 918760639 | E57: =IF(A57="","",INDIRECT("'DS nhân viên Speedtest'!D"& (2+QUOTIENT(A57-1,16)))) -> baobt.lan@vnpt.vn | F57: =IF(A57="","","Lần "&(MOD(ROW()-ROW($A$7),16)+1)) -> Lần 3 | G57: 46212 | H57: 80.8 | I57: 44.6 | J57: 92.2 | K57: 41.7 | M57: =IF(B57="","",IF(OR(G57="",H57="",I57=""),0,1)) -> 1 | N57: =IF(B57="","",IF(OR(G57="",J57="",K57=""),0,1)) -> 1 | O57: =IF(B57="","",IF((J57-0)>200,1,0)) -> 0
A58: =IF(INDIRECT("'DS nhân viên Speedtest'!B"& (2+QUOTIENT(ROW()-ROW($A$7),16)))="","",ROW()-ROW($A$7)+1) -> 52 | B58: =IF(A58="","",B57) -> Tổ Hạ tầng Bến Lức | C58: =IF(A58="","",INDIRECT("'DS nhân viên Speedtest'!B"& (2+QUOTIENT(A58-1,16)))) -> Bùi Tấn Bảo | D58: =IF(A58="","",INDIRECT("'DS nhân viên Speedtest'!C"& (2+QUOTIENT(A58-1,16)))) -> 918760639 | E58: =IF(A58="","",INDIRECT("'DS nhân viên Speedtest'!D"& (2+QUOTIENT(A58-1,16)))) -> baobt.lan@vnpt.vn | F58: =IF(A58="","","Lần "&(MOD(ROW()-ROW($A$7),16)+1)) -> Lần 4 | G58: 46213 | H58: 351 | I58: 72.9 | J58: 659 | K58: 64.8 | M58: =IF(B58="","",IF(OR(G58="",H58="",I58=""),0,1)) -> 1 | N58: =IF(B58="","",IF(OR(G58="",J58="",K58=""),0,1)) -> 1 | O58: =IF(B58="","",IF((J58-0)>200,1,0)) -> 1
A59: =IF(INDIRECT("'DS nhân viên Speedtest'!B"& (2+QUOTIENT(ROW()-ROW($A$7),16)))="","",ROW()-ROW($A$7)+1) -> 53 | B59: =IF(A59="","",B58) -> Tổ Hạ tầng Bến Lức | C59: =IF(A59="","",INDIRECT("'DS nhân viên Speedtest'!B"& (2+QUOTIENT(A59-1,16)))) -> Bùi Tấn Bảo | D59: =IF(A59="","",INDIRECT("'DS nhân viên Speedtest'!C"& (2+QUOTIENT(A59-1,16)))) -> 918760639 | E59: =IF(A59="","",INDIRECT("'DS nhân viên Speedtest'!D"& (2+QUOTIENT(A59-1,16)))) -> baobt.lan@vnpt.vn | F59: =IF(A59="","","Lần "&(MOD(ROW()-ROW($A$7),16)+1)) -> Lần 5 | G59: 46213 | H59: 260 | I59: 67.9 | J59: 669 | K59: 67.3 | M59: =IF(B59="","",IF(OR(G59="",H59="",I59=""),0,1)) -> 1 | N59: =IF(B59="","",IF(OR(G59="",J59="",K59=""),0,1)) -> 1 | O59: =IF(B59="","",IF((J59-0)>200,1,0)) -> 1
A60: =IF(INDIRECT("'DS nhân viên Speedtest'!B"& (2+QUOTIENT(ROW()-ROW($A$7),16)))="","",ROW()-ROW($A$7)+1) -> 54 | B60: =IF(A60="","",B59) -> Tổ Hạ tầng Bến Lức | C60: =IF(A60="","",INDIRECT("'DS nhân viên Speedtest'!B"& (2+QUOTIENT(A60-1,16)))) -> Bùi Tấn Bảo | D60: =IF(A60="","",INDIRECT("'DS nhân viên Speedtest'!C"& (2+QUOTIENT(A60-1,16)))) -> 918760639 | E60: =IF(A60="","",INDIRECT("'DS nhân viên Speedtest'!D"& (2+QUOTIENT(A60-1,16)))) -> baobt.lan@vnpt.vn | F60: =IF(A60="","","Lần "&(MOD(ROW()-ROW($A$7),16)+1)) -> Lần 6 | G60: 46213 | H60: 268 | I60: 64.8 | J60: 623 | K60: 64.7 | M60: =IF(B60="","",IF(OR(G60="",H60="",I60=""),0,1)) -> 1 | N60: =IF(B60="","",IF(OR(G60="",J60="",K60=""),0,1)) -> 1 | O60: =IF(B60="","",IF((J60-0)>200,1,0)) -> 1
A61: =IF(INDIRECT("'DS nhân viên Speedtest'!B"& (2+QUOTIENT(ROW()-ROW($A$7),16)))="","",ROW()-ROW($A$7)+1) -> 55 | B61: =IF(A61="","",B60) -> Tổ Hạ tầng Bến Lức | C61: =IF(A61="","",INDIRECT("'DS nhân viên Speedtest'!B"& (2+QUOTIENT(A61-1,16)))) -> Bùi Tấn Bảo | D61: =IF(A61="","",INDIRECT("'DS nhân viên Speedtest'!C"& (2+QUOTIENT(A61-1,16)))) -> 918760639 | E61: =IF(A61="","",INDIRECT("'DS nhân viên Speedtest'!D"& (2+QUOTIENT(A61-1,16)))) -> baobt.lan@vnpt.vn | F61: =IF(A61="","","Lần "&(MOD(ROW()-ROW($A$7),16)+1)) -> Lần 7 | G61: 46213 | H61: 329 | I61: 73 | J61: 594 | K61: 64.6 | M61: =IF(B61="","",IF(OR(G61="",H61="",I61=""),0,1)) -> 1 | N61: =IF(B61="","",IF(OR(G61="",J61="",K61=""),0,1)) -> 1 | O61: =IF(B61="","",IF((J61-0)>200,1,0)) -> 1
A62: =IF(INDIRECT("'DS nhân viên Speedtest'!B"& (2+QUOTIENT(ROW()-ROW($A$7),16)))="","",ROW()-ROW($A$7)+1) -> 56 | B62: =IF(A62="","",B61) -> Tổ Hạ tầng Bến Lức | C62: =IF(A62="","",INDIRECT("'DS nhân viên Speedtest'!B"& (2+QUOTIENT(A62-1,16)))) -> Bùi Tấn Bảo | D62: =IF(A62="","",INDIRECT("'DS nhân viên Speedtest'!C"& (2+QUOTIENT(A62-1,16)))) -> 918760639 | E62: =IF(A62="","",INDIRECT("'DS nhân viên Speedtest'!D"& (2+QUOTIENT(A62-1,16)))) -> baobt.lan@vnpt.vn | F62: =IF(A62="","","Lần "&(MOD(ROW()-ROW($A$7),16)+1)) -> Lần 8 | M62: =IF(B62="","",IF(OR(G62="",H62="",I62=""),0,1)) -> 0 | N62: =IF(B62="","",IF(OR(G62="",J62="",K62=""),0,1)) -> 0 | O62: =IF(B62="","",IF((J62-0)>200,1,0)) -> 0
A63: =IF(INDIRECT("'DS nhân viên Speedtest'!B"& (2+QUOTIENT(ROW()-ROW($A$7),16)))="","",ROW()-ROW($A$7)+1) -> 57 | B63: =IF(A63="","",B62) -> Tổ Hạ tầng Bến Lức | C63: =IF(A63="","",INDIRECT("'DS nhân viên Speedtest'!B"& (2+QUOTIENT(A63-1,16)))) -> Bùi Tấn Bảo | D63: =IF(A63="","",INDIRECT("'DS nhân viên Speedtest'!C"& (2+QUOTIENT(A63-1,16)))) -> 918760639 | E63: =IF(A63="","",INDIRECT("'DS nhân viên Speedtest'!D"& (2+QUOTIENT(A63-1,16)))) -> baobt.lan@vnpt.vn | F63: =IF(A63="","","Lần "&(MOD(ROW()-ROW($A$7),16)+1)) -> Lần 9 | M63: =IF(B63="","",IF(OR(G63="",H63="",I63=""),0,1)) -> 0 | N63: =IF(B63="","",IF(OR(G63="",J63="",K63=""),0,1)) -> 0 | O63: =IF(B63="","",IF((J63-0)>200,1,0)) -> 0
A64: =IF(INDIRECT("'DS nhân viên Speedtest'!B"& (2+QUOTIENT(ROW()-ROW($A$7),16)))="","",ROW()-ROW($A$7)+1) -> 58 | B64: =IF(A64="","",B63) -> Tổ Hạ tầng Bến Lức | C64: =IF(A64="","",INDIRECT("'DS nhân viên Speedtest'!B"& (2+QUOTIENT(A64-1,16)))) -> Bùi Tấn Bảo | D64: =IF(A64="","",INDIRECT("'DS nhân viên Speedtest'!C"& (2+QUOTIENT(A64-1,16)))) -> 918760639 | E64: =IF(A64="","",INDIRECT("'DS nhân viên Speedtest'!D"& (2+QUOTIENT(A64-1,16)))) -> baobt.lan@vnpt.vn | F64: =IF(A64="","","Lần "&(MOD(ROW()-ROW($A$7),16)+1)) -> Lần 10 | M64: =IF(B64="","",IF(OR(G64="",H64="",I64=""),0,1)) -> 0 | N64: =IF(B64="","",IF(OR(G64="",J64="",K64=""),0,1)) -> 0 | O64: =IF(B64="","",IF((J64-0)>200,1,0)) -> 0
A65: =IF(INDIRECT("'DS nhân viên Speedtest'!B"& (2+QUOTIENT(ROW()-ROW($A$7),16)))="","",ROW()-ROW($A$7)+1) -> 59 | B65: =IF(A65="","",B64) -> Tổ Hạ tầng Bến Lức | C65: =IF(A65="","",INDIRECT("'DS nhân viên Speedtest'!B"& (2+QUOTIENT(A65-1,16)))) -> Bùi Tấn Bảo | D65: =IF(A65="","",INDIRECT("'DS nhân viên Speedtest'!C"& (2+QUOTIENT(A65-1,16)))) -> 918760639 | E65: =IF(A65="","",INDIRECT("'DS nhân viên Speedtest'!D"& (2+QUOTIENT(A65-1,16)))) -> baobt.lan@vnpt.vn | F65: =IF(A65="","","Lần "&(MOD(ROW()-ROW($A$7),16)+1)) -> Lần 11 | M65: =IF(B65="","",IF(OR(G65="",H65="",I65=""),0,1)) -> 0 | N65: =IF(B65="","",IF(OR(G65="",J65="",K65=""),0,1)) -> 0 | O65: =IF(B65="","",IF((J65-0)>200,1,0)) -> 0
A66: =IF(INDIRECT("'DS nhân viên Speedtest'!B"& (2+QUOTIENT(ROW()-ROW($A$7),16)))="","",ROW()-ROW($A$7)+1) -> 60 | B66: =IF(A66="","",B65) -> Tổ Hạ tầng Bến Lức | C66: =IF(A66="","",INDIRECT("'DS nhân viên Speedtest'!B"& (2+QUOTIENT(A66-1,16)))) -> Bùi Tấn Bảo | D66: =IF(A66="","",INDIRECT("'DS nhân viên Speedtest'!C"& (2+QUOTIENT(A66-1,16)))) -> 918760639 | E66: =IF(A66="","",INDIRECT("'DS nhân viên Speedtest'!D"& (2+QUOTIENT(A66-1,16)))) -> baobt.lan@vnpt.vn | F66: =IF(A66="","","Lần "&(MOD(ROW()-ROW($A$7),16)+1)) -> Lần 12 | M66: =IF(B66="","",IF(OR(G66="",H66="",I66=""),0,1)) -> 0 | N66: =IF(B66="","",IF(OR(G66="",J66="",K66=""),0,1)) -> 0 | O66: =IF(B66="","",IF((J66-0)>200,1,0)) -> 0
A67: =IF(INDIRECT("'DS nhân viên Speedtest'!B"& (2+QUOTIENT(ROW()-ROW($A$7),16)))="","",ROW()-ROW($A$7)+1) -> 61 | B67: =IF(A67="","",B66) -> Tổ Hạ tầng Bến Lức | C67: =IF(A67="","",INDIRECT("'DS nhân viên Speedtest'!B"& (2+QUOTIENT(A67-1,16)))) -> Bùi Tấn Bảo | D67: =IF(A67="","",INDIRECT("'DS nhân viên Speedtest'!C"& (2+QUOTIENT(A67-1,16)))) -> 918760639 | E67: =IF(A67="","",INDIRECT("'DS nhân viên Speedtest'!D"& (2+QUOTIENT(A67-1,16)))) -> baobt.lan@vnpt.vn | F67: =IF(A67="","","Lần "&(MOD(ROW()-ROW($A$7),16)+1)) -> Lần 13 | M67: =IF(B67="","",IF(OR(G67="",H67="",I67=""),0,1)) -> 0 | N67: =IF(B67="","",IF(OR(G67="",J67="",K67=""),0,1)) -> 0 | O67: =IF(B67="","",IF((J67-0)>200,1,0)) -> 0
A68: =IF(INDIRECT("'DS nhân viên Speedtest'!B"& (2+QUOTIENT(ROW()-ROW($A$7),16)))="","",ROW()-ROW($A$7)+1) -> 62 | B68: =IF(A68="","",B67) -> Tổ Hạ tầng Bến Lức | C68: =IF(A68="","",INDIRECT("'DS nhân viên Speedtest'!B"& (2+QUOTIENT(A68-1,16)))) -> Bùi Tấn Bảo | D68: =IF(A68="","",INDIRECT("'DS nhân viên Speedtest'!C"& (2+QUOTIENT(A68-1,16)))) -> 918760639 | E68: =IF(A68="","",INDIRECT("'DS nhân viên Speedtest'!D"& (2+QUOTIENT(A68-1,16)))) -> baobt.lan@vnpt.vn | F68: =IF(A68="","","Lần "&(MOD(ROW()-ROW($A$7),16)+1)) -> Lần 14 | M68: =IF(B68="","",IF(OR(G68="",H68="",I68=""),0,1)) -> 0 | N68: =IF(B68="","",IF(OR(G68="",J68="",K68=""),0,1)) -> 0 | O68: =IF(B68="","",IF((J68-0)>200,1,0)) -> 0
A69: =IF(INDIRECT("'DS nhân viên Speedtest'!B"& (2+QUOTIENT(ROW()-ROW($A$7),16)))="","",ROW()-ROW($A$7)+1) -> 63 | B69: =IF(A69="","",B68) -> Tổ Hạ tầng Bến Lức | C69: =IF(A69="","",INDIRECT("'DS nhân viên Speedtest'!B"& (2+QUOTIENT(A69-1,16)))) -> Bùi Tấn Bảo | D69: =IF(A69="","",INDIRECT("'DS nhân viên Speedtest'!C"& (2+QUOTIENT(A69-1,16)))) -> 918760639 | E69: =IF(A69="","",INDIRECT("'DS nhân viên Speedtest'!D"& (2+QUOTIENT(A69-1,16)))) -> baobt.lan@vnpt.vn | F69: =IF(A69="","","Lần "&(MOD(ROW()-ROW($A$7),16)+1)) -> Lần 15 | M69: =IF(B69="","",IF(OR(G69="",H69="",I69=""),0,1)) -> 0 | N69: =IF(B69="","",IF(OR(G69="",J69="",K69=""),0,1)) -> 0 | O69: =IF(B69="","",IF((J69-0)>200,1,0)) -> 0
A70: =IF(INDIRECT("'DS nhân viên Speedtest'!B"& (2+QUOTIENT(ROW()-ROW($A$7),16)))="","",ROW()-ROW($A$7)+1) -> 64 | B70: =IF(A70="","",B69) -> Tổ Hạ tầng Bến Lức | C70: =IF(A70="","",INDIRECT("'DS nhân viên Speedtest'!B"& (2+QUOTIENT(A70-1,16)))) -> Bùi Tấn Bảo | D70: =IF(A70="","",INDIRECT("'DS nhân viên Speedtest'!C"& (2+QUOTIENT(A70-1,16)))) -> 918760639 | E70: =IF(A70="","",INDIRECT("'DS nhân viên Speedtest'!D"& (2+QUOTIENT(A70-1,16)))) -> baobt.lan@vnpt.vn | F70: =IF(A70="","","Lần "&(MOD(ROW()-ROW($A$7),16)+1)) -> Lần 16 | M70: =IF(B70="","",IF(OR(G70="",H70="",I70=""),0,1)) -> 0 | N70: =IF(B70="","",IF(OR(G70="",J70="",K70=""),0,1)) -> 0 | O70: =IF(B70="","",IF((J70-0)>200,1,0)) -> 0
A71: =IF(INDIRECT("'DS nhân viên Speedtest'!B"& (2+QUOTIENT(ROW()-ROW($A$7),16)))="","",ROW()-ROW($A$7)+1) -> 65 | B71: =IF(A71="","",B70) -> Tổ Hạ tầng Bến Lức | C71: =IF(A71="","",INDIRECT("'DS nhân viên Speedtest'!B"& (2+QUOTIENT(A71-1,16)))) -> Đoàn Tấn Phương | D71: =IF(A71="","",INDIRECT("'DS nhân viên Speedtest'!C"& (2+QUOTIENT(A71-1,16)))) -> 949250049 | E71: =IF(A71="","",INDIRECT("'DS nhân viên Speedtest'!D"& (2+QUOTIENT(A71-1,16)))) -> phuongdt.lan@vnpt.vn | F71: =IF(A71="","","Lần "&(MOD(ROW()-ROW($A$7),16)+1)) -> Lần 1 | G71: 46209 | H71: 137 | I71: 53.4 | J71: 633 | K71: 93.5 | M71: =IF(B71="","",IF(OR(G71="",H71="",I71=""),0,1)) -> 1 | N71: =IF(B71="","",IF(OR(G71="",J71="",K71=""),0,1)) -> 1 | O71: =IF(B71="","",IF((J71-0)>200,1,0)) -> 1
A72: =IF(INDIRECT("'DS nhân viên Speedtest'!B"& (2+QUOTIENT(ROW()-ROW($A$7),16)))="","",ROW()-ROW($A$7)+1) -> 66 | B72: =IF(A72="","",B71) -> Tổ Hạ tầng Bến Lức | C72: =IF(A72="","",INDIRECT("'DS nhân viên Speedtest'!B"& (2+QUOTIENT(A72-1,16)))) -> Đoàn Tấn Phương | D72: =IF(A72="","",INDIRECT("'DS nhân viên Speedtest'!C"& (2+QUOTIENT(A72-1,16)))) -> 949250049 | E72: =IF(A72="","",INDIRECT("'DS nhân viên Speedtest'!D"& (2+QUOTIENT(A72-1,16)))) -> phuongdt.lan@vnpt.vn | F72: =IF(A72="","","Lần "&(MOD(ROW()-ROW($A$7),16)+1)) -> Lần 2 | G72: 46209 | H72: 162 | I72: 57.7 | J72: 435 | K72: 63.7 | M72: =IF(B72="","",IF(OR(G72="",H72="",I72=""),0,1)) -> 1 | N72: =IF(B72="","",IF(OR(G72="",J72="",K72=""),0,1)) -> 1 | O72: =IF(B72="","",IF((J72-0)>200,1,0)) -> 1
A73: =IF(INDIRECT("'DS nhân viên Speedtest'!B"& (2+QUOTIENT(ROW()-ROW($A$7),16)))="","",ROW()-ROW($A$7)+1) -> 67 | B73: =IF(A73="","",B72) -> Tổ Hạ tầng Bến Lức | C73: =IF(A73="","",INDIRECT("'DS nhân viên Speedtest'!B"& (2+QUOTIENT(A73-1,16)))) -> Đoàn Tấn Phương | D73: =IF(A73="","",INDIRECT("'DS nhân viên Speedtest'!C"& (2+QUOTIENT(A73-1,16)))) -> 949250049 | E73: =IF(A73="","",INDIRECT("'DS nhân viên Speedtest'!D"& (2+QUOTIENT(A73-1,16)))) -> phuongdt.lan@vnpt.vn | F73: =IF(A73="","","Lần "&(MOD(ROW()-ROW($A$7),16)+1)) -> Lần 3 | G73: 46209 | H73: 165 | I73: 56.9 | J73: 750 | K73: 87 | M73: =IF(B73="","",IF(OR(G73="",H73="",I73=""),0,1)) -> 1 | N73: =IF(B73="","",IF(OR(G73="",J73="",K73=""),0,1)) -> 1 | O73: =IF(B73="","",IF((J73-0)>200,1,0)) -> 1
A74: =IF(INDIRECT("'DS nhân viên Speedtest'!B"& (2+QUOTIENT(ROW()-ROW($A$7),16)))="","",ROW()-ROW($A$7)+1) -> 68 | B74: =IF(A74="","",B73) -> Tổ Hạ tầng Bến Lức | C74: =IF(A74="","",INDIRECT("'DS nhân viên Speedtest'!B"& (2+QUOTIENT(A74-1,16)))) -> Đoàn Tấn Phương | D74: =IF(A74="","",INDIRECT("'DS nhân viên Speedtest'!C"& (2+QUOTIENT(A74-1,16)))) -> 949250049 | E74: =IF(A74="","",INDIRECT("'DS nhân viên Speedtest'!D"& (2+QUOTIENT(A74-1,16)))) -> phuongdt.lan@vnpt.vn | F74: =IF(A74="","","Lần "&(MOD(ROW()-ROW($A$7),16)+1)) -> Lần 4 | G74: 46209 | H74: 158 | I74: 60.6 | J74: 506 | K74: 32.7 | M74: =IF(B74="","",IF(OR(G74="",H74="",I74=""),0,1)) -> 1 | N74: =IF(B74="","",IF(OR(G74="",J74="",K74=""),0,1)) -> 1 | O74: =IF(B74="","",IF((J74-0)>200,1,0)) -> 1
A75: =IF(INDIRECT("'DS nhân viên Speedtest'!B"& (2+QUOTIENT(ROW()-ROW($A$7),16)))="","",ROW()-ROW($A$7)+1) -> 69 | B75: =IF(A75="","",B74) -> Tổ Hạ tầng Bến Lức | C75: =IF(A75="","",INDIRECT("'DS nhân viên Speedtest'!B"& (2+QUOTIENT(A75-1,16)))) -> Đoàn Tấn Phương | D75: =IF(A75="","",INDIRECT("'DS nhân viên Speedtest'!C"& (2+QUOTIENT(A75-1,16)))) -> 949250049 | E75: =IF(A75="","",INDIRECT("'DS nhân viên Speedtest'!D"& (2+QUOTIENT(A75-1,16)))) -> phuongdt.lan@vnpt.vn | F75: =IF(A75="","","Lần "&(MOD(ROW()-ROW($A$7),16)+1)) -> Lần 5 | G75: 46209 | H75: 136 | I75: 62.3 | J75: 114 | K75: 52.7 | M75: =IF(B75="","",IF(OR(G75="",H75="",I75=""),0,1)) -> 1 | N75: =IF(B75="","",IF(OR(G75="",J75="",K75=""),0,1)) -> 1 | O75: =IF(B75="","",IF((J75-0)>200,1,0)) -> 0
A76: =IF(INDIRECT("'DS nhân viên Speedtest'!B"& (2+QUOTIENT(ROW()-ROW($A$7),16)))="","",ROW()-ROW($A$7)+1) -> 70 | B76: =IF(A76="","",B75) -> Tổ Hạ tầng Bến Lức | C76: =IF(A76="","",INDIRECT("'DS nhân viên Speedtest'!B"& (2+QUOTIENT(A76-1,16)))) -> Đoàn Tấn Phương | D76: =IF(A76="","",INDIRECT("'DS nhân viên Speedtest'!C"& (2+QUOTIENT(A76-1,16)))) -> 949250049 | E76: =IF(A76="","",INDIRECT("'DS nhân viên Speedtest'!D"& (2+QUOTIENT(A76-1,16)))) -> phuongdt.lan@vnpt.vn | F76: =IF(A76="","","Lần "&(MOD(ROW()-ROW($A$7),16)+1)) -> Lần 6 | G76: 46209 | H76: 167 | I76: 37.8 | J76: 93.5 | K76: 51.4 | M76: =IF(B76="","",IF(OR(G76="",H76="",I76=""),0,1)) -> 1 | N76: =IF(B76="","",IF(OR(G76="",J76="",K76=""),0,1)) -> 1 | O76: =IF(B76="","",IF((J76-0)>200,1,0)) -> 0
A77: =IF(INDIRECT("'DS nhân viên Speedtest'!B"& (2+QUOTIENT(ROW()-ROW($A$7),16)))="","",ROW()-ROW($A$7)+1) -> 71 | B77: =IF(A77="","",B76) -> Tổ Hạ tầng Bến Lức | C77: =IF(A77="","",INDIRECT("'DS nhân viên Speedtest'!B"& (2+QUOTIENT(A77-1,16)))) -> Đoàn Tấn Phương | D77: =IF(A77="","",INDIRECT("'DS nhân viên Speedtest'!C"& (2+QUOTIENT(A77-1,16)))) -> 949250049 | E77: =IF(A77="","",INDIRECT("'DS nhân viên Speedtest'!D"& (2+QUOTIENT(A77-1,16)))) -> phuongdt.lan@vnpt.vn | F77: =IF(A77="","","Lần "&(MOD(ROW()-ROW($A$7),16)+1)) -> Lần 7 | G77: 46209 | H77: 155 | I77: 59.6 | J77: 102 | K77: 47.4 | M77: =IF(B77="","",IF(OR(G77="",H77="",I77=""),0,1)) -> 1 | N77: =IF(B77="","",IF(OR(G77="",J77="",K77=""),0,1)) -> 1 | O77: =IF(B77="","",IF((J77-0)>200,1,0)) -> 0
A78: =IF(INDIRECT("'DS nhân viên Speedtest'!B"& (2+QUOTIENT(ROW()-ROW($A$7),16)))="","",ROW()-ROW($A$7)+1) -> 72 | B78: =IF(A78="","",B77) -> Tổ Hạ tầng Bến Lức | C78: =IF(A78="","",INDIRECT("'DS nhân viên Speedtest'!B"& (2+QUOTIENT(A78-1,16)))) -> Đoàn Tấn Phương | D78: =IF(A78="","",INDIRECT("'DS nhân viên Speedtest'!C"& (2+QUOTIENT(A78-1,16)))) -> 949250049 | E78: =IF(A78="","",INDIRECT("'DS nhân viên Speedtest'!D"& (2+QUOTIENT(A78-1,16)))) -> phuongdt.lan@vnpt.vn | F78: =IF(A78="","","Lần "&(MOD(ROW()-ROW($A$7),16)+1)) -> Lần 8 | G78: 46215 | H78: 112 | I78: 49.3 | M78: =IF(B78="","",IF(OR(G78="",H78="",I78=""),0,1)) -> 1 | N78: =IF(B78="","",IF(OR(G78="",J78="",K78=""),0,1)) -> 0 | O78: =IF(B78="","",IF((J78-0)>200,1,0)) -> 0
A79: =IF(INDIRECT("'DS nhân viên Speedtest'!B"& (2+QUOTIENT(ROW()-ROW($A$7),16)))="","",ROW()-ROW($A$7)+1) -> 73 | B79: =IF(A79="","",B78) -> Tổ Hạ tầng Bến Lức | C79: =IF(A79="","",INDIRECT("'DS nhân viên Speedtest'!B"& (2+QUOTIENT(A79-1,16)))) -> Đoàn Tấn Phương | D79: =IF(A79="","",INDIRECT("'DS nhân viên Speedtest'!C"& (2+QUOTIENT(A79-1,16)))) -> 949250049 | E79: =IF(A79="","",INDIRECT("'DS nhân viên Speedtest'!D"& (2+QUOTIENT(A79-1,16)))) -> phuongdt.lan@vnpt.vn | F79: =IF(A79="","","Lần "&(MOD(ROW()-ROW($A$7),16)+1)) -> Lần 9 | G79: 46215 | H79: 122 | I79: 50.4 | M79: =IF(B79="","",IF(OR(G79="",H79="",I79=""),0,1)) -> 1 | N79: =IF(B79="","",IF(OR(G79="",J79="",K79=""),0,1)) -> 0 | O79: =IF(B79="","",IF((J79-0)>200,1,0)) -> 0
A80: =IF(INDIRECT("'DS nhân viên Speedtest'!B"& (2+QUOTIENT(ROW()-ROW($A$7),16)))="","",ROW()-ROW($A$7)+1) -> 74 | B80: =IF(A80="","",B79) -> Tổ Hạ tầng Bến Lức | C80: =IF(A80="","",INDIRECT("'DS nhân viên Speedtest'!B"& (2+QUOTIENT(A80-1,16)))) -> Đoàn Tấn Phương | D80: =IF(A80="","",INDIRECT("'DS nhân viên Speedtest'!C"& (2+QUOTIENT(A80-1,16)))) -> 949250049 | E80: =IF(A80="","",INDIRECT("'DS nhân viên Speedtest'!D"& (2+QUOTIENT(A80-1,16)))) -> phuongdt.lan@vnpt.vn | F80: =IF(A80="","","Lần "&(MOD(ROW()-ROW($A$7),16)+1)) -> Lần 10 | G80: 46215 | H80: 112 | I80: 39.5 | M80: =IF(B80="","",IF(OR(G80="",H80="",I80=""),0,1)) -> 1 | N80: =IF(B80="","",IF(OR(G80="",J80="",K80=""),0,1)) -> 0 | O80: =IF(B80="","",IF((J80-0)>200,1,0)) -> 0
A81: =IF(INDIRECT("'DS nhân viên Speedtest'!B"& (2+QUOTIENT(ROW()-ROW($A$7),16)))="","",ROW()-ROW($A$7)+1) -> 75 | B81: =IF(A81="","",B80) -> Tổ Hạ tầng Bến Lức | C81: =IF(A81="","",INDIRECT("'DS nhân viên Speedtest'!B"& (2+QUOTIENT(A81-1,16)))) -> Đoàn Tấn Phương | D81: =IF(A81="","",INDIRECT("'DS nhân viên Speedtest'!C"& (2+QUOTIENT(A81-1,16)))) -> 949250049 | E81: =IF(A81="","",INDIRECT("'DS nhân viên Speedtest'!D"& (2+QUOTIENT(A81-1,16)))) -> phuongdt.lan@vnpt.vn | F81: =IF(A81="","","Lần "&(MOD(ROW()-ROW($A$7),16)+1)) -> Lần 11 | G81: 46215 | H81: 72.3 | I81: 48.9 | M81: =IF(B81="","",IF(OR(G81="",H81="",I81=""),0,1)) -> 1 | N81: =IF(B81="","",IF(OR(G81="",J81="",K81=""),0,1)) -> 0 | O81: =IF(B81="","",IF((J81-0)>200,1,0)) -> 0
A82: =IF(INDIRECT("'DS nhân viên Speedtest'!B"& (2+QUOTIENT(ROW()-ROW($A$7),16)))="","",ROW()-ROW($A$7)+1) -> 76 | B82: =IF(A82="","",B81) -> Tổ Hạ tầng Bến Lức | C82: =IF(A82="","",INDIRECT("'DS nhân viên Speedtest'!B"& (2+QUOTIENT(A82-1,16)))) -> Đoàn Tấn Phương | D82: =IF(A82="","",INDIRECT("'DS nhân viên Speedtest'!C"& (2+QUOTIENT(A82-1,16)))) -> 949250049 | E82: =IF(A82="","",INDIRECT("'DS nhân viên Speedtest'!D"& (2+QUOTIENT(A82-1,16)))) -> phuongdt.lan@vnpt.vn | F82: =IF(A82="","","Lần "&(MOD(ROW()-ROW($A$7),16)+1)) -> Lần 12 | G82: 46215 | H82: 105 | I82: 52.3 | M82: =IF(B82="","",IF(OR(G82="",H82="",I82=""),0,1)) -> 1 | N82: =IF(B82="","",IF(OR(G82="",J82="",K82=""),0,1)) -> 0 | O82: =IF(B82="","",IF((J82-0)>200,1,0)) -> 0
A83: =IF(INDIRECT("'DS nhân viên Speedtest'!B"& (2+QUOTIENT(ROW()-ROW($A$7),16)))="","",ROW()-ROW($A$7)+1) -> 77 | B83: =IF(A83="","",B82) -> Tổ Hạ tầng Bến Lức | C83: =IF(A83="","",INDIRECT("'DS nhân viên Speedtest'!B"& (2+QUOTIENT(A83-1,16)))) -> Đoàn Tấn Phương | D83: =IF(A83="","",INDIRECT("'DS nhân viên Speedtest'!C"& (2+QUOTIENT(A83-1,16)))) -> 949250049 | E83: =IF(A83="","",INDIRECT("'DS nhân viên Speedtest'!D"& (2+QUOTIENT(A83-1,16)))) -> phuongdt.lan@vnpt.vn | F83: =IF(A83="","","Lần "&(MOD(ROW()-ROW($A$7),16)+1)) -> Lần 13 | G83: 46215 | H83: 124 | I83: 46.8 | M83: =IF(B83="","",IF(OR(G83="",H83="",I83=""),0,1)) -> 1 | N83: =IF(B83="","",IF(OR(G83="",J83="",K83=""),0,1)) -> 0 | O83: =IF(B83="","",IF((J83-0)>200,1,0)) -> 0
A84: =IF(INDIRECT("'DS nhân viên Speedtest'!B"& (2+QUOTIENT(ROW()-ROW($A$7),16)))="","",ROW()-ROW($A$7)+1) -> 78 | B84: =IF(A84="","",B83) -> Tổ Hạ tầng Bến Lức | C84: =IF(A84="","",INDIRECT("'DS nhân viên Speedtest'!B"& (2+QUOTIENT(A84-1,16)))) -> Đoàn Tấn Phương | D84: =IF(A84="","",INDIRECT("'DS nhân viên Speedtest'!C"& (2+QUOTIENT(A84-1,16)))) -> 949250049 | E84: =IF(A84="","",INDIRECT("'DS nhân viên Speedtest'!D"& (2+QUOTIENT(A84-1,16)))) -> phuongdt.lan@vnpt.vn | F84: =IF(A84="","","Lần "&(MOD(ROW()-ROW($A$7),16)+1)) -> Lần 14 | G84: 46215 | H84: 121 | I84: 45.6 | M84: =IF(B84="","",IF(OR(G84="",H84="",I84=""),0,1)) -> 1 | N84: =IF(B84="","",IF(OR(G84="",J84="",K84=""),0,1)) -> 0 | O84: =IF(B84="","",IF((J84-0)>200,1,0)) -> 0
A85: =IF(INDIRECT("'DS nhân viên Speedtest'!B"& (2+QUOTIENT(ROW()-ROW($A$7),16)))="","",ROW()-ROW($A$7)+1) -> 79 | B85: =IF(A85="","",B84) -> Tổ Hạ tầng Bến Lức | C85: =IF(A85="","",INDIRECT("'DS nhân viên Speedtest'!B"& (2+QUOTIENT(A85-1,16)))) -> Đoàn Tấn Phương | D85: =IF(A85="","",INDIRECT("'DS nhân viên Speedtest'!C"& (2+QUOTIENT(A85-1,16)))) -> 949250049 | E85: =IF(A85="","",INDIRECT("'DS nhân viên Speedtest'!D"& (2+QUOTIENT(A85-1,16)))) -> phuongdt.lan@vnpt.vn | F85: =IF(A85="","","Lần "&(MOD(ROW()-ROW($A$7),16)+1)) -> Lần 15 | G85: 46215 | H85: 98.1 | I85: 30 | M85: =IF(B85="","",IF(OR(G85="",H85="",I85=""),0,1)) -> 1 | N85: =IF(B85="","",IF(OR(G85="",J85="",K85=""),0,1)) -> 0 | O85: =IF(B85="","",IF((J85-0)>200,1,0)) -> 0
A86: =IF(INDIRECT("'DS nhân viên Speedtest'!B"& (2+QUOTIENT(ROW()-ROW($A$7),16)))="","",ROW()-ROW($A$7)+1) -> 80 | B86: =IF(A86="","",B85) -> Tổ Hạ tầng Bến Lức | C86: =IF(A86="","",INDIRECT("'DS nhân viên Speedtest'!B"& (2+QUOTIENT(A86-1,16)))) -> Đoàn Tấn Phương | D86: =IF(A86="","",INDIRECT("'DS nhân viên Speedtest'!C"& (2+QUOTIENT(A86-1,16)))) -> 949250049 | E86: =IF(A86="","",INDIRECT("'DS nhân viên Speedtest'!D"& (2+QUOTIENT(A86-1,16)))) -> phuongdt.lan@vnpt.vn | F86: =IF(A86="","","Lần "&(MOD(ROW()-ROW($A$7),16)+1)) -> Lần 16 | G86: 46215 | H86: 78.4 | I86: 30.2 | M86: =IF(B86="","",IF(OR(G86="",H86="",I86=""),0,1)) -> 1 | N86: =IF(B86="","",IF(OR(G86="",J86="",K86=""),0,1)) -> 0 | O86: =IF(B86="","",IF((J86-0)>200,1,0)) -> 0
A87: =IF(INDIRECT("'DS nhân viên Speedtest'!B"& (2+QUOTIENT(ROW()-ROW($A$7),16)))="","",ROW()-ROW($A$7)+1) -> 81 | B87: =IF(A87="","",B86) -> Tổ Hạ tầng Bến Lức | C87: =IF(A87="","",INDIRECT("'DS nhân viên Speedtest'!B"& (2+QUOTIENT(A87-1,16)))) -> Mai Thiện Phương | D87: =IF(A87="","",INDIRECT("'DS nhân viên Speedtest'!C"& (2+QUOTIENT(A87-1,16)))) -> 835880097 | E87: =IF(A87="","",INDIRECT("'DS nhân viên Speedtest'!D"& (2+QUOTIENT(A87-1,16)))) -> phuongmt.lan@vnpt.vn | F87: =IF(A87="","","Lần "&(MOD(ROW()-ROW($A$7),16)+1)) -> Lần 1 | G87: 46213 | H87: 269 | I87: 57 | J87: 633 | K87: 93.5 | M87: =IF(B87="","",IF(OR(G87="",H87="",I87=""),0,1)) -> 1 | N87: =IF(B87="","",IF(OR(G87="",J87="",K87=""),0,1)) -> 1 | O87: =IF(B87="","",IF((J87-0)>200,1,0)) -> 1
A88: =IF(INDIRECT("'DS nhân viên Speedtest'!B"& (2+QUOTIENT(ROW()-ROW($A$7),16)))="","",ROW()-ROW($A$7)+1) -> 82 | B88: =IF(A88="","",B87) -> Tổ Hạ tầng Bến Lức | C88: =IF(A88="","",INDIRECT("'DS nhân viên Speedtest'!B"& (2+QUOTIENT(A88-1,16)))) -> Mai Thiện Phương | D88: =IF(A88="","",INDIRECT("'DS nhân viên Speedtest'!C"& (2+QUOTIENT(A88-1,16)))) -> 835880097 | E88: =IF(A88="","",INDIRECT("'DS nhân viên Speedtest'!D"& (2+QUOTIENT(A88-1,16)))) -> phuongmt.lan@vnpt.vn | F88: =IF(A88="","","Lần "&(MOD(ROW()-ROW($A$7),16)+1)) -> Lần 2 | G88: 46213 | H88: 331 | I88: 70.8 | J88: 435 | K88: 63.7 | M88: =IF(B88="","",IF(OR(G88="",H88="",I88=""),0,1)) -> 1 | N88: =IF(B88="","",IF(OR(G88="",J88="",K88=""),0,1)) -> 1 | O88: =IF(B88="","",IF((J88-0)>200,1,0)) -> 1
A89: =IF(INDIRECT("'DS nhân viên Speedtest'!B"& (2+QUOTIENT(ROW()-ROW($A$7),16)))="","",ROW()-ROW($A$7)+1) -> 83 | B89: =IF(A89="","",B88) -> Tổ Hạ tầng Bến Lức | C89: =IF(A89="","",INDIRECT("'DS nhân viên Speedtest'!B"& (2+QUOTIENT(A89-1,16)))) -> Mai Thiện Phương | D89: =IF(A89="","",INDIRECT("'DS nhân viên Speedtest'!C"& (2+QUOTIENT(A89-1,16)))) -> 835880097 | E89: =IF(A89="","",INDIRECT("'DS nhân viên Speedtest'!D"& (2+QUOTIENT(A89-1,16)))) -> phuongmt.lan@vnpt.vn | F89: =IF(A89="","","Lần "&(MOD(ROW()-ROW($A$7),16)+1)) -> Lần 3 | G89: 46213 | H89: 356 | I89: 77.3 | J89: 750 | K89: 87 | M89: =IF(B89="","",IF(OR(G89="",H89="",I89=""),0,1)) -> 1 | N89: =IF(B89="","",IF(OR(G89="",J89="",K89=""),0,1)) -> 1 | O89: =IF(B89="","",IF((J89-0)>200,1,0)) -> 1
A90: =IF(INDIRECT("'DS nhân viên Speedtest'!B"& (2+QUOTIENT(ROW()-ROW($A$7),16)))="","",ROW()-ROW($A$7)+1) -> 84 | B90: =IF(A90="","",B89) -> Tổ Hạ tầng Bến Lức | C90: =IF(A90="","",INDIRECT("'DS nhân viên Speedtest'!B"& (2+QUOTIENT(A90-1,16)))) -> Mai Thiện Phương | D90: =IF(A90="","",INDIRECT("'DS nhân viên Speedtest'!C"& (2+QUOTIENT(A90-1,16)))) -> 835880097 | E90: =IF(A90="","",INDIRECT("'DS nhân viên Speedtest'!D"& (2+QUOTIENT(A90-1,16)))) -> phuongmt.lan@vnpt.vn | F90: =IF(A90="","","Lần "&(MOD(ROW()-ROW($A$7),16)+1)) -> Lần 4 | G90: 46213 | H90: 74.6 | I90: 17.5 | J90: 506 | K90: 32.7 | M90: =IF(B90="","",IF(OR(G90="",H90="",I90=""),0,1)) -> 1 | N90: =IF(B90="","",IF(OR(G90="",J90="",K90=""),0,1)) -> 1 | O90: =IF(B90="","",IF((J90-0)>200,1,0)) -> 1
A91: =IF(INDIRECT("'DS nhân viên Speedtest'!B"& (2+QUOTIENT(ROW()-ROW($A$7),16)))="","",ROW()-ROW($A$7)+1) -> 85 | B91: =IF(A91="","",B90) -> Tổ Hạ tầng Bến Lức | C91: =IF(A91="","",INDIRECT("'DS nhân viên Speedtest'!B"& (2+QUOTIENT(A91-1,16)))) -> Mai Thiện Phương | D91: =IF(A91="","",INDIRECT("'DS nhân viên Speedtest'!C"& (2+QUOTIENT(A91-1,16)))) -> 835880097 | E91: =IF(A91="","",INDIRECT("'DS nhân viên Speedtest'!D"& (2+QUOTIENT(A91-1,16)))) -> phuongmt.lan@vnpt.vn | F91: =IF(A91="","","Lần "&(MOD(ROW()-ROW($A$7),16)+1)) -> Lần 5 | M91: =IF(B91="","",IF(OR(G91="",H91="",I91=""),0,1)) -> 0 | N91: =IF(B91="","",IF(OR(G91="",J91="",K91=""),0,1)) -> 0 | O91: =IF(B91="","",IF((J91-0)>200,1,0)) -> 0
A92: =IF(INDIRECT("'DS nhân viên Speedtest'!B"& (2+QUOTIENT(ROW()-ROW($A$7),16)))="","",ROW()-ROW($A$7)+1) -> 86 | B92: =IF(A92="","",B91) -> Tổ Hạ tầng Bến Lức | C92: =IF(A92="","",INDIRECT("'DS nhân viên Speedtest'!B"& (2+QUOTIENT(A92-1,16)))) -> Mai Thiện Phương | D92: =IF(A92="","",INDIRECT("'DS nhân viên Speedtest'!C"& (2+QUOTIENT(A92-1,16)))) -> 835880097 | E92: =IF(A92="","",INDIRECT("'DS nhân viên Speedtest'!D"& (2+QUOTIENT(A92-1,16)))) -> phuongmt.lan@vnpt.vn | F92: =IF(A92="","","Lần "&(MOD(ROW()-ROW($A$7),16)+1)) -> Lần 6 | M92: =IF(B92="","",IF(OR(G92="",H92="",I92=""),0,1)) -> 0 | N92: =IF(B92="","",IF(OR(G92="",J92="",K92=""),0,1)) -> 0 | O92: =IF(B92="","",IF((J92-0)>200,1,0)) -> 0
A93: =IF(INDIRECT("'DS nhân viên Speedtest'!B"& (2+QUOTIENT(ROW()-ROW($A$7),16)))="","",ROW()-ROW($A$7)+1) -> 87 | B93: =IF(A93="","",B92) -> Tổ Hạ tầng Bến Lức | C93: =IF(A93="","",INDIRECT("'DS nhân viên Speedtest'!B"& (2+QUOTIENT(A93-1,16)))) -> Mai Thiện Phương | D93: =IF(A93="","",INDIRECT("'DS nhân viên Speedtest'!C"& (2+QUOTIENT(A93-1,16)))) -> 835880097 | E93: =IF(A93="","",INDIRECT("'DS nhân viên Speedtest'!D"& (2+QUOTIENT(A93-1,16)))) -> phuongmt.lan@vnpt.vn | F93: =IF(A93="","","Lần "&(MOD(ROW()-ROW($A$7),16)+1)) -> Lần 7 | M93: =IF(B93="","",IF(OR(G93="",H93="",I93=""),0,1)) -> 0 | N93: =IF(B93="","",IF(OR(G93="",J93="",K93=""),0,1)) -> 0 | O93: =IF(B93="","",IF((J93-0)>200,1,0)) -> 0
A94: =IF(INDIRECT("'DS nhân viên Speedtest'!B"& (2+QUOTIENT(ROW()-ROW($A$7),16)))="","",ROW()-ROW($A$7)+1) -> 88 | B94: =IF(A94="","",B93) -> Tổ Hạ tầng Bến Lức | C94: =IF(A94="","",INDIRECT("'DS nhân viên Speedtest'!B"& (2+QUOTIENT(A94-1,16)))) -> Mai Thiện Phương | D94: =IF(A94="","",INDIRECT("'DS nhân viên Speedtest'!C"& (2+QUOTIENT(A94-1,16)))) -> 835880097 | E94: =IF(A94="","",INDIRECT("'DS nhân viên Speedtest'!D"& (2+QUOTIENT(A94-1,16)))) -> phuongmt.lan@vnpt.vn | F94: =IF(A94="","","Lần "&(MOD(ROW()-ROW($A$7),16)+1)) -> Lần 8 | M94: =IF(B94="","",IF(OR(G94="",H94="",I94=""),0,1)) -> 0 | N94: =IF(B94="","",IF(OR(G94="",J94="",K94=""),0,1)) -> 0 | O94: =IF(B94="","",IF((J94-0)>200,1,0)) -> 0
A95: =IF(INDIRECT("'DS nhân viên Speedtest'!B"& (2+QUOTIENT(ROW()-ROW($A$7),16)))="","",ROW()-ROW($A$7)+1) -> 89 | B95: =IF(A95="","",B94) -> Tổ Hạ tầng Bến Lức | C95: =IF(A95="","",INDIRECT("'DS nhân viên Speedtest'!B"& (2+QUOTIENT(A95-1,16)))) -> Mai Thiện Phương | D95: =IF(A95="","",INDIRECT("'DS nhân viên Speedtest'!C"& (2+QUOTIENT(A95-1,16)))) -> 835880097 | E95: =IF(A95="","",INDIRECT("'DS nhân viên Speedtest'!D"& (2+QUOTIENT(A95-1,16)))) -> phuongmt.lan@vnpt.vn | F95: =IF(A95="","","Lần "&(MOD(ROW()-ROW($A$7),16)+1)) -> Lần 9 | M95: =IF(B95="","",IF(OR(G95="",H95="",I95=""),0,1)) -> 0 | N95: =IF(B95="","",IF(OR(G95="",J95="",K95=""),0,1)) -> 0 | O95: =IF(B95="","",IF((J95-0)>200,1,0)) -> 0
A96: =IF(INDIRECT("'DS nhân viên Speedtest'!B"& (2+QUOTIENT(ROW()-ROW($A$7),16)))="","",ROW()-ROW($A$7)+1) -> 90 | B96: =IF(A96="","",B95) -> Tổ Hạ tầng Bến Lức | C96: =IF(A96="","",INDIRECT("'DS nhân viên Speedtest'!B"& (2+QUOTIENT(A96-1,16)))) -> Mai Thiện Phương | D96: =IF(A96="","",INDIRECT("'DS nhân viên Speedtest'!C"& (2+QUOTIENT(A96-1,16)))) -> 835880097 | E96: =IF(A96="","",INDIRECT("'DS nhân viên Speedtest'!D"& (2+QUOTIENT(A96-1,16)))) -> phuongmt.lan@vnpt.vn | F96: =IF(A96="","","Lần "&(MOD(ROW()-ROW($A$7),16)+1)) -> Lần 10 | M96: =IF(B96="","",IF(OR(G96="",H96="",I96=""),0,1)) -> 0 | N96: =IF(B96="","",IF(OR(G96="",J96="",K96=""),0,1)) -> 0 | O96: =IF(B96="","",IF((J96-0)>200,1,0)) -> 0
A97: =IF(INDIRECT("'DS nhân viên Speedtest'!B"& (2+QUOTIENT(ROW()-ROW($A$7),16)))="","",ROW()-ROW($A$7)+1) -> 91 | B97: =IF(A97="","",B96) -> Tổ Hạ tầng Bến Lức | C97: =IF(A97="","",INDIRECT("'DS nhân viên Speedtest'!B"& (2+QUOTIENT(A97-1,16)))) -> Mai Thiện Phương | D97: =IF(A97="","",INDIRECT("'DS nhân viên Speedtest'!C"& (2+QUOTIENT(A97-1,16)))) -> 835880097 | E97: =IF(A97="","",INDIRECT("'DS nhân viên Speedtest'!D"& (2+QUOTIENT(A97-1,16)))) -> phuongmt.lan@vnpt.vn | F97: =IF(A97="","","Lần "&(MOD(ROW()-ROW($A$7),16)+1)) -> Lần 11 | M97: =IF(B97="","",IF(OR(G97="",H97="",I97=""),0,1)) -> 0 | N97: =IF(B97="","",IF(OR(G97="",J97="",K97=""),0,1)) -> 0 | O97: =IF(B97="","",IF((J97-0)>200,1,0)) -> 0
A98: =IF(INDIRECT("'DS nhân viên Speedtest'!B"& (2+QUOTIENT(ROW()-ROW($A$7),16)))="","",ROW()-ROW($A$7)+1) -> 92 | B98: =IF(A98="","",B97) -> Tổ Hạ tầng Bến Lức | C98: =IF(A98="","",INDIRECT("'DS nhân viên Speedtest'!B"& (2+QUOTIENT(A98-1,16)))) -> Mai Thiện Phương | D98: =IF(A98="","",INDIRECT("'DS nhân viên Speedtest'!C"& (2+QUOTIENT(A98-1,16)))) -> 835880097 | E98: =IF(A98="","",INDIRECT("'DS nhân viên Speedtest'!D"& (2+QUOTIENT(A98-1,16)))) -> phuongmt.lan@vnpt.vn | F98: =IF(A98="","","Lần "&(MOD(ROW()-ROW($A$7),16)+1)) -> Lần 12 | M98: =IF(B98="","",IF(OR(G98="",H98="",I98=""),0,1)) -> 0 | N98: =IF(B98="","",IF(OR(G98="",J98="",K98=""),0,1)) -> 0 | O98: =IF(B98="","",IF((J98-0)>200,1,0)) -> 0
A99: =IF(INDIRECT("'DS nhân viên Speedtest'!B"& (2+QUOTIENT(ROW()-ROW($A$7),16)))="","",ROW()-ROW($A$7)+1) -> 93 | B99: =IF(A99="","",B98) -> Tổ Hạ tầng Bến Lức | C99: =IF(A99="","",INDIRECT("'DS nhân viên Speedtest'!B"& (2+QUOTIENT(A99-1,16)))) -> Mai Thiện Phương | D99: =IF(A99="","",INDIRECT("'DS nhân viên Speedtest'!C"& (2+QUOTIENT(A99-1,16)))) -> 835880097 | E99: =IF(A99="","",INDIRECT("'DS nhân viên Speedtest'!D"& (2+QUOTIENT(A99-1,16)))) -> phuongmt.lan@vnpt.vn | F99: =IF(A99="","","Lần "&(MOD(ROW()-ROW($A$7),16)+1)) -> Lần 13 | M99: =IF(B99="","",IF(OR(G99="",H99="",I99=""),0,1)) -> 0 | N99: =IF(B99="","",IF(OR(G99="",J99="",K99=""),0,1)) -> 0 | O99: =IF(B99="","",IF((J99-0)>200,1,0)) -> 0
A100: =IF(INDIRECT("'DS nhân viên Speedtest'!B"& (2+QUOTIENT(ROW()-ROW($A$7),16)))="","",ROW()-ROW($A$7)+1) -> 94 | B100: =IF(A100="","",B99) -> Tổ Hạ tầng Bến Lức | C100: =IF(A100="","",INDIRECT("'DS nhân viên Speedtest'!B"& (2+QUOTIENT(A100-1,16)))) -> Mai Thiện Phương | D100: =IF(A100="","",INDIRECT("'DS nhân viên Speedtest'!C"& (2+QUOTIENT(A100-1,16)))) -> 835880097 | E100: =IF(A100="","",INDIRECT("'DS nhân viên Speedtest'!D"& (2+QUOTIENT(A100-1,16)))) -> phuongmt.lan@vnpt.vn | F100: =IF(A100="","","Lần "&(MOD(ROW()-ROW($A$7),16)+1)) -> Lần 14 | M100: =IF(B100="","",IF(OR(G100="",H100="",I100=""),0,1)) -> 0 | N100: =IF(B100="","",IF(OR(G100="",J100="",K100=""),0,1)) -> 0 | O100: =IF(B100="","",IF((J100-0)>200,1,0)) -> 0
...

Sheet Tổ Gò Dầu
A1: ='Tổ Bến Lức'!A1 -> TRUNG TÂM HẠ TẦNG Kỳ báo cáo: tháng 07 năm 2026 | M1: Kết quả đo (Không điền cột này) | O1: Tổng mẫu đã đo
O2: =COUNTA(J7:J294) -> 180
O3: Tỉ lệ mẫu đo 5G
O4: =IF(O2=0,0,O6/O2) -> 0.21666667
A5: STT | B5: Tổ Hạ Tầng | C5: Tên người thực hiện | D5: SĐT-TEST | E5: Email | F5: Lần đo | G5: Ngày đo DD/MM/YY | H5: i-Speed | J5: SpeedTest | L5: Ghi chú | M5: i-Speed | N5: SpeedTest | O5: 5G
H6: Tốc độ Download | I6: Tốc độ Upload | J6: Tốc độ Download | K6: Tốc độ Upload | M6: =SUM(M7:M470) -> 180 | N6: =SUM(N7:N470) -> 180 | O6: =SUM(O7:O999) -> 39
A7: =IF(INDIRECT("'DS nhân viên Speedtest'!B"& (38+QUOTIENT(ROW()-ROW($A$7),16)))="","",ROW()-ROW($A$7)+1) -> 1 | B7: =IF(A7="","","Tổ Hạ tầng " & 'Báo cáo'!B4) -> Tổ Hạ tầng Gò Dầu | C7: =IF(A7="","",INDIRECT("'DS nhân viên Speedtest'!B"& (38+QUOTIENT(A7-1,16)))) -> Nguyễn Hiếu Khương | D7: =IF(A7="","",INDIRECT("'DS nhân viên Speedtest'!C"& (38+QUOTIENT(A7-1,16)))) -> 942900404 | E7: =IF(A7="","",INDIRECT("'DS nhân viên Speedtest'!D"& (38+QUOTIENT(A7-1,16)))) -> khuongnh.tnh@vnpt.vn | F7: =IF(A7="","","Lần "&(MOD(ROW()-ROW($A$7),16)+1)) -> Lần 1 | G7: 46206 | H7: 167 | I7: 59 | J7: 159 | K7: 63 | M7: =IF(B7="","",IF(OR(G7="",H7="",I7=""),0,1)) -> 1 | N7: =IF(B7="","",IF(OR(G7="",J7="",K7=""),0,1)) -> 1 | O7: =IF(B7="","",IF((J7-0)>200,1,0)) -> 0
A8: =IF(INDIRECT("'DS nhân viên Speedtest'!B"& (38+QUOTIENT(ROW()-ROW($A$7),16)))="","",ROW()-ROW($A$7)+1) -> 2 | B8: =IF(A8="","",B7) -> Tổ Hạ tầng Gò Dầu | C8: =IF(A8="","",INDIRECT("'DS nhân viên Speedtest'!B"& (38+QUOTIENT(A8-1,16)))) -> Nguyễn Hiếu Khương | D8: =IF(A8="","",INDIRECT("'DS nhân viên Speedtest'!C"& (38+QUOTIENT(A8-1,16)))) -> 942900404 | E8: =IF(A8="","",INDIRECT("'DS nhân viên Speedtest'!D"& (38+QUOTIENT(A8-1,16)))) -> khuongnh.tnh@vnpt.vn | F8: =IF(A8="","","Lần "&(MOD(ROW()-ROW($A$7),16)+1)) -> Lần 2 | G8: 46206 | H8: 77 | I8: 61 | J8: 256 | K8: 61 | M8: =IF(B8="","",IF(OR(G8="",H8="",I8=""),0,1)) -> 1 | N8: =IF(B8="","",IF(OR(G8="",J8="",K8=""),0,1)) -> 1 | O8: =IF(B8="","",IF((J8-0)>200,1,0)) -> 1
A9: =IF(INDIRECT("'DS nhân viên Speedtest'!B"& (38+QUOTIENT(ROW()-ROW($A$7),16)))="","",ROW()-ROW($A$7)+1) -> 3 | B9: =IF(A9="","",B8) -> Tổ Hạ tầng Gò Dầu | C9: =IF(A9="","",INDIRECT("'DS nhân viên Speedtest'!B"& (38+QUOTIENT(A9-1,16)))) -> Nguyễn Hiếu Khương | D9: =IF(A9="","",INDIRECT("'DS nhân viên Speedtest'!C"& (38+QUOTIENT(A9-1,16)))) -> 942900404 | E9: =IF(A9="","",INDIRECT("'DS nhân viên Speedtest'!D"& (38+QUOTIENT(A9-1,16)))) -> khuongnh.tnh@vnpt.vn | F9: =IF(A9="","","Lần "&(MOD(ROW()-ROW($A$7),16)+1)) -> Lần 3 | G9: 46206 | H9: 197 | I9: 63 | J9: 255 | K9: 64 | M9: =IF(B9="","",IF(OR(G9="",H9="",I9=""),0,1)) -> 1 | N9: =IF(B9="","",IF(OR(G9="",J9="",K9=""),0,1)) -> 1 | O9: =IF(B9="","",IF((J9-0)>200,1,0)) -> 1
A10: =IF(INDIRECT("'DS nhân viên Speedtest'!B"& (38+QUOTIENT(ROW()-ROW($A$7),16)))="","",ROW()-ROW($A$7)+1) -> 4 | B10: =IF(A10="","",B9) -> Tổ Hạ tầng Gò Dầu | C10: =IF(A10="","",INDIRECT("'DS nhân viên Speedtest'!B"& (38+QUOTIENT(A10-1,16)))) -> Nguyễn Hiếu Khương | D10: =IF(A10="","",INDIRECT("'DS nhân viên Speedtest'!C"& (38+QUOTIENT(A10-1,16)))) -> 942900404 | E10: =IF(A10="","",INDIRECT("'DS nhân viên Speedtest'!D"& (38+QUOTIENT(A10-1,16)))) -> khuongnh.tnh@vnpt.vn | F10: =IF(A10="","","Lần "&(MOD(ROW()-ROW($A$7),16)+1)) -> Lần 4 | G10: 46206 | H10: 116 | I10: 57 | J10: 243 | K10: 61 | M10: =IF(B10="","",IF(OR(G10="",H10="",I10=""),0,1)) -> 1 | N10: =IF(B10="","",IF(OR(G10="",J10="",K10=""),0,1)) -> 1 | O10: =IF(B10="","",IF((J10-0)>200,1,0)) -> 1
A11: =IF(INDIRECT("'DS nhân viên Speedtest'!B"& (38+QUOTIENT(ROW()-ROW($A$7),16)))="","",ROW()-ROW($A$7)+1) -> 5 | B11: =IF(A11="","",B10) -> Tổ Hạ tầng Gò Dầu | C11: =IF(A11="","",INDIRECT("'DS nhân viên Speedtest'!B"& (38+QUOTIENT(A11-1,16)))) -> Nguyễn Hiếu Khương | D11: =IF(A11="","",INDIRECT("'DS nhân viên Speedtest'!C"& (38+QUOTIENT(A11-1,16)))) -> 942900404 | E11: =IF(A11="","",INDIRECT("'DS nhân viên Speedtest'!D"& (38+QUOTIENT(A11-1,16)))) -> khuongnh.tnh@vnpt.vn | F11: =IF(A11="","","Lần "&(MOD(ROW()-ROW($A$7),16)+1)) -> Lần 5 | G11: 46211 | H11: 121 | I11: 60 | J11: 154 | K11: 63 | M11: =IF(B11="","",IF(OR(G11="",H11="",I11=""),0,1)) -> 1 | N11: =IF(B11="","",IF(OR(G11="",J11="",K11=""),0,1)) -> 1 | O11: =IF(B11="","",IF((J11-0)>200,1,0)) -> 0
A12: =IF(INDIRECT("'DS nhân viên Speedtest'!B"& (38+QUOTIENT(ROW()-ROW($A$7),16)))="","",ROW()-ROW($A$7)+1) -> 6 | B12: =IF(A12="","",B11) -> Tổ Hạ tầng Gò Dầu | C12: =IF(A12="","",INDIRECT("'DS nhân viên Speedtest'!B"& (38+QUOTIENT(A12-1,16)))) -> Nguyễn Hiếu Khương | D12: =IF(A12="","",INDIRECT("'DS nhân viên Speedtest'!C"& (38+QUOTIENT(A12-1,16)))) -> 942900404 | E12: =IF(A12="","",INDIRECT("'DS nhân viên Speedtest'!D"& (38+QUOTIENT(A12-1,16)))) -> khuongnh.tnh@vnpt.vn | F12: =IF(A12="","","Lần "&(MOD(ROW()-ROW($A$7),16)+1)) -> Lần 6 | G12: 46211 | H12: 75 | I12: 61 | J12: 187 | K12: 54 | M12: =IF(B12="","",IF(OR(G12="",H12="",I12=""),0,1)) -> 1 | N12: =IF(B12="","",IF(OR(G12="",J12="",K12=""),0,1)) -> 1 | O12: =IF(B12="","",IF((J12-0)>200,1,0)) -> 0
A13: =IF(INDIRECT("'DS nhân viên Speedtest'!B"& (38+QUOTIENT(ROW()-ROW($A$7),16)))="","",ROW()-ROW($A$7)+1) -> 7 | B13: =IF(A13="","",B12) -> Tổ Hạ tầng Gò Dầu | C13: =IF(A13="","",INDIRECT("'DS nhân viên Speedtest'!B"& (38+QUOTIENT(A13-1,16)))) -> Nguyễn Hiếu Khương | D13: =IF(A13="","",INDIRECT("'DS nhân viên Speedtest'!C"& (38+QUOTIENT(A13-1,16)))) -> 942900404 | E13: =IF(A13="","",INDIRECT("'DS nhân viên Speedtest'!D"& (38+QUOTIENT(A13-1,16)))) -> khuongnh.tnh@vnpt.vn | F13: =IF(A13="","","Lần "&(MOD(ROW()-ROW($A$7),16)+1)) -> Lần 7 | G13: 46211 | H13: 170 | I13: 60 | J13: 265 | K13: 50 | M13: =IF(B13="","",IF(OR(G13="",H13="",I13=""),0,1)) -> 1 | N13: =IF(B13="","",IF(OR(G13="",J13="",K13=""),0,1)) -> 1 | O13: =IF(B13="","",IF((J13-0)>200,1,0)) -> 1
A14: =IF(INDIRECT("'DS nhân viên Speedtest'!B"& (38+QUOTIENT(ROW()-ROW($A$7),16)))="","",ROW()-ROW($A$7)+1) -> 8 | B14: =IF(A14="","",B13) -> Tổ Hạ tầng Gò Dầu | C14: =IF(A14="","",INDIRECT("'DS nhân viên Speedtest'!B"& (38+QUOTIENT(A14-1,16)))) -> Nguyễn Hiếu Khương | D14: =IF(A14="","",INDIRECT("'DS nhân viên Speedtest'!C"& (38+QUOTIENT(A14-1,16)))) -> 942900404 | E14: =IF(A14="","",INDIRECT("'DS nhân viên Speedtest'!D"& (38+QUOTIENT(A14-1,16)))) -> khuongnh.tnh@vnpt.vn | F14: =IF(A14="","","Lần "&(MOD(ROW()-ROW($A$7),16)+1)) -> Lần 8 | G14: 46211 | H14: 181 | I14: 61 | J14: 193 | K14: 56 | M14: =IF(B14="","",IF(OR(G14="",H14="",I14=""),0,1)) -> 1 | N14: =IF(B14="","",IF(OR(G14="",J14="",K14=""),0,1)) -> 1 | O14: =IF(B14="","",IF((J14-0)>200,1,0)) -> 0
A15: =IF(INDIRECT("'DS nhân viên Speedtest'!B"& (38+QUOTIENT(ROW()-ROW($A$7),16)))="","",ROW()-ROW($A$7)+1) -> 9 | B15: =IF(A15="","",B14) -> Tổ Hạ tầng Gò Dầu | C15: =IF(A15="","",INDIRECT("'DS nhân viên Speedtest'!B"& (38+QUOTIENT(A15-1,16)))) -> Nguyễn Hiếu Khương | D15: =IF(A15="","",INDIRECT("'DS nhân viên Speedtest'!C"& (38+QUOTIENT(A15-1,16)))) -> 942900404 | E15: =IF(A15="","",INDIRECT("'DS nhân viên Speedtest'!D"& (38+QUOTIENT(A15-1,16)))) -> khuongnh.tnh@vnpt.vn | F15: =IF(A15="","","Lần "&(MOD(ROW()-ROW($A$7),16)+1)) -> Lần 9 | G15: 46217 | H15: 140 | I15: 59 | J15: 206 | K15: 38 | M15: =IF(B15="","",IF(OR(G15="",H15="",I15=""),0,1)) -> 1 | N15: =IF(B15="","",IF(OR(G15="",J15="",K15=""),0,1)) -> 1 | O15: =IF(B15="","",IF((J15-0)>200,1,0)) -> 1
A16: =IF(INDIRECT("'DS nhân viên Speedtest'!B"& (38+QUOTIENT(ROW()-ROW($A$7),16)))="","",ROW()-ROW($A$7)+1) -> 10 | B16: =IF(A16="","",B15) -> Tổ Hạ tầng Gò Dầu | C16: =IF(A16="","",INDIRECT("'DS nhân viên Speedtest'!B"& (38+QUOTIENT(A16-1,16)))) -> Nguyễn Hiếu Khương | D16: =IF(A16="","",INDIRECT("'DS nhân viên Speedtest'!C"& (38+QUOTIENT(A16-1,16)))) -> 942900404 | E16: =IF(A16="","",INDIRECT("'DS nhân viên Speedtest'!D"& (38+QUOTIENT(A16-1,16)))) -> khuongnh.tnh@vnpt.vn | F16: =IF(A16="","","Lần "&(MOD(ROW()-ROW($A$7),16)+1)) -> Lần 10 | G16: 46217 | H16: 167 | I16: 61 | J16: 193 | K16: 43 | M16: =IF(B16="","",IF(OR(G16="",H16="",I16=""),0,1)) -> 1 | N16: =IF(B16="","",IF(OR(G16="",J16="",K16=""),0,1)) -> 1 | O16: =IF(B16="","",IF((J16-0)>200,1,0)) -> 0
A17: =IF(INDIRECT("'DS nhân viên Speedtest'!B"& (38+QUOTIENT(ROW()-ROW($A$7),16)))="","",ROW()-ROW($A$7)+1) -> 11 | B17: =IF(A17="","",B16) -> Tổ Hạ tầng Gò Dầu | C17: =IF(A17="","",INDIRECT("'DS nhân viên Speedtest'!B"& (38+QUOTIENT(A17-1,16)))) -> Nguyễn Hiếu Khương | D17: =IF(A17="","",INDIRECT("'DS nhân viên Speedtest'!C"& (38+QUOTIENT(A17-1,16)))) -> 942900404 | E17: =IF(A17="","",INDIRECT("'DS nhân viên Speedtest'!D"& (38+QUOTIENT(A17-1,16)))) -> khuongnh.tnh@vnpt.vn | F17: =IF(A17="","","Lần "&(MOD(ROW()-ROW($A$7),16)+1)) -> Lần 11 | G17: 46217 | H17: 163 | I17: 59 | J17: 154 | K17: 63 | M17: =IF(B17="","",IF(OR(G17="",H17="",I17=""),0,1)) -> 1 | N17: =IF(B17="","",IF(OR(G17="",J17="",K17=""),0,1)) -> 1 | O17: =IF(B17="","",IF((J17-0)>200,1,0)) -> 0
A18: =IF(INDIRECT("'DS nhân viên Speedtest'!B"& (38+QUOTIENT(ROW()-ROW($A$7),16)))="","",ROW()-ROW($A$7)+1) -> 12 | B18: =IF(A18="","",B17) -> Tổ Hạ tầng Gò Dầu | C18: =IF(A18="","",INDIRECT("'DS nhân viên Speedtest'!B"& (38+QUOTIENT(A18-1,16)))) -> Nguyễn Hiếu Khương | D18: =IF(A18="","",INDIRECT("'DS nhân viên Speedtest'!C"& (38+QUOTIENT(A18-1,16)))) -> 942900404 | E18: =IF(A18="","",INDIRECT("'DS nhân viên Speedtest'!D"& (38+QUOTIENT(A18-1,16)))) -> khuongnh.tnh@vnpt.vn | F18: =IF(A18="","","Lần "&(MOD(ROW()-ROW($A$7),16)+1)) -> Lần 12 | G18: 46217 | H18: 169 | I18: 57 | J18: 187 | K18: 54 | M18: =IF(B18="","",IF(OR(G18="",H18="",I18=""),0,1)) -> 1 | N18: =IF(B18="","",IF(OR(G18="",J18="",K18=""),0,1)) -> 1 | O18: =IF(B18="","",IF((J18-0)>200,1,0)) -> 0
A19: =IF(INDIRECT("'DS nhân viên Speedtest'!B"& (38+QUOTIENT(ROW()-ROW($A$7),16)))="","",ROW()-ROW($A$7)+1) -> 13 | B19: =IF(A19="","",B18) -> Tổ Hạ tầng Gò Dầu | C19: =IF(A19="","",INDIRECT("'DS nhân viên Speedtest'!B"& (38+QUOTIENT(A19-1,16)))) -> Nguyễn Hiếu Khương | D19: =IF(A19="","",INDIRECT("'DS nhân viên Speedtest'!C"& (38+QUOTIENT(A19-1,16)))) -> 942900404 | E19: =IF(A19="","",INDIRECT("'DS nhân viên Speedtest'!D"& (38+QUOTIENT(A19-1,16)))) -> khuongnh.tnh@vnpt.vn | F19: =IF(A19="","","Lần "&(MOD(ROW()-ROW($A$7),16)+1)) -> Lần 13 | G19: 46223 | M19: =IF(B19="","",IF(OR(G19="",H19="",I19=""),0,1)) -> 0 | N19: =IF(B19="","",IF(OR(G19="",J19="",K19=""),0,1)) -> 0 | O19: =IF(B19="","",IF((J19-0)>200,1,0)) -> 0
A20: =IF(INDIRECT("'DS nhân viên Speedtest'!B"& (38+QUOTIENT(ROW()-ROW($A$7),16)))="","",ROW()-ROW($A$7)+1) -> 14 | B20: =IF(A20="","",B19) -> Tổ Hạ tầng Gò Dầu | C20: =IF(A20="","",INDIRECT("'DS nhân viên Speedtest'!B"& (38+QUOTIENT(A20-1,16)))) -> Nguyễn Hiếu Khương | D20: =IF(A20="","",INDIRECT("'DS nhân viên Speedtest'!C"& (38+QUOTIENT(A20-1,16)))) -> 942900404 | E20: =IF(A20="","",INDIRECT("'DS nhân viên Speedtest'!D"& (38+QUOTIENT(A20-1,16)))) -> khuongnh.tnh@vnpt.vn | F20: =IF(A20="","","Lần "&(MOD(ROW()-ROW($A$7),16)+1)) -> Lần 14 | G20: 46223 | M20: =IF(B20="","",IF(OR(G20="",H20="",I20=""),0,1)) -> 0 | N20: =IF(B20="","",IF(OR(G20="",J20="",K20=""),0,1)) -> 0 | O20: =IF(B20="","",IF((J20-0)>200,1,0)) -> 0
A21: =IF(INDIRECT("'DS nhân viên Speedtest'!B"& (38+QUOTIENT(ROW()-ROW($A$7),16)))="","",ROW()-ROW($A$7)+1) -> 15 | B21: =IF(A21="","",B20) -> Tổ Hạ tầng Gò Dầu | C21: =IF(A21="","",INDIRECT("'DS nhân viên Speedtest'!B"& (38+QUOTIENT(A21-1,16)))) -> Nguyễn Hiếu Khương | D21: =IF(A21="","",INDIRECT("'DS nhân viên Speedtest'!C"& (38+QUOTIENT(A21-1,16)))) -> 942900404 | E21: =IF(A21="","",INDIRECT("'DS nhân viên Speedtest'!D"& (38+QUOTIENT(A21-1,16)))) -> khuongnh.tnh@vnpt.vn | F21: =IF(A21="","","Lần "&(MOD(ROW()-ROW($A$7),16)+1)) -> Lần 15 | G21: 46223 | M21: =IF(B21="","",IF(OR(G21="",H21="",I21=""),0,1)) -> 0 | N21: =IF(B21="","",IF(OR(G21="",J21="",K21=""),0,1)) -> 0 | O21: =IF(B21="","",IF((J21-0)>200,1,0)) -> 0
A22: =IF(INDIRECT("'DS nhân viên Speedtest'!B"& (38+QUOTIENT(ROW()-ROW($A$7),16)))="","",ROW()-ROW($A$7)+1) -> 16 | B22: =IF(A22="","",B21) -> Tổ Hạ tầng Gò Dầu | C22: =IF(A22="","",INDIRECT("'DS nhân viên Speedtest'!B"& (38+QUOTIENT(A22-1,16)))) -> Nguyễn Hiếu Khương | D22: =IF(A22="","",INDIRECT("'DS nhân viên Speedtest'!C"& (38+QUOTIENT(A22-1,16)))) -> 942900404 | E22: =IF(A22="","",INDIRECT("'DS nhân viên Speedtest'!D"& (38+QUOTIENT(A22-1,16)))) -> khuongnh.tnh@vnpt.vn | F22: =IF(A22="","","Lần "&(MOD(ROW()-ROW($A$7),16)+1)) -> Lần 16 | G22: 46223 | M22: =IF(B22="","",IF(OR(G22="",H22="",I22=""),0,1)) -> 0 | N22: =IF(B22="","",IF(OR(G22="",J22="",K22=""),0,1)) -> 0 | O22: =IF(B22="","",IF((J22-0)>200,1,0)) -> 0
A23: =IF(INDIRECT("'DS nhân viên Speedtest'!B"& (38+QUOTIENT(ROW()-ROW($A$7),16)))="","",ROW()-ROW($A$7)+1) -> 17 | B23: =IF(A23="","",B22) -> Tổ Hạ tầng Gò Dầu | C23: =IF(A23="","",INDIRECT("'DS nhân viên Speedtest'!B"& (38+QUOTIENT(A23-1,16)))) -> Nguyễn Phan Duy An | D23: =IF(A23="","",INDIRECT("'DS nhân viên Speedtest'!C"& (38+QUOTIENT(A23-1,16)))) -> 888444008 | E23: =IF(A23="","",INDIRECT("'DS nhân viên Speedtest'!D"& (38+QUOTIENT(A23-1,16)))) -> x | F23: =IF(A23="","","Lần "&(MOD(ROW()-ROW($A$7),16)+1)) -> Lần 1 | G23: 46206 | H23: 132 | I23: 52 | J23: 161 | K23: 61 | M23: =IF(B23="","",IF(OR(G23="",H23="",I23=""),0,1)) -> 1 | N23: =IF(B23="","",IF(OR(G23="",J23="",K23=""),0,1)) -> 1 | O23: =IF(B23="","",IF((J23-0)>200,1,0)) -> 0
A24: =IF(INDIRECT("'DS nhân viên Speedtest'!B"& (38+QUOTIENT(ROW()-ROW($A$7),16)))="","",ROW()-ROW($A$7)+1) -> 18 | B24: =IF(A24="","",B23) -> Tổ Hạ tầng Gò Dầu | C24: =IF(A24="","",INDIRECT("'DS nhân viên Speedtest'!B"& (38+QUOTIENT(A24-1,16)))) -> Nguyễn Phan Duy An | D24: =IF(A24="","",INDIRECT("'DS nhân viên Speedtest'!C"& (38+QUOTIENT(A24-1,16)))) -> 888444008 | E24: =IF(A24="","",INDIRECT("'DS nhân viên Speedtest'!D"& (38+QUOTIENT(A24-1,16)))) -> x | F24: =IF(A24="","","Lần "&(MOD(ROW()-ROW($A$7),16)+1)) -> Lần 2 | G24: 46206 | H24: 89 | I24: 37 | J24: 154 | K24: 61 | M24: =IF(B24="","",IF(OR(G24="",H24="",I24=""),0,1)) -> 1 | N24: =IF(B24="","",IF(OR(G24="",J24="",K24=""),0,1)) -> 1 | O24: =IF(B24="","",IF((J24-0)>200,1,0)) -> 0
A25: =IF(INDIRECT("'DS nhân viên Speedtest'!B"& (38+QUOTIENT(ROW()-ROW($A$7),16)))="","",ROW()-ROW($A$7)+1) -> 19 | B25: =IF(A25="","",B24) -> Tổ Hạ tầng Gò Dầu | C25: =IF(A25="","",INDIRECT("'DS nhân viên Speedtest'!B"& (38+QUOTIENT(A25-1,16)))) -> Nguyễn Phan Duy An | D25: =IF(A25="","",INDIRECT("'DS nhân viên Speedtest'!C"& (38+QUOTIENT(A25-1,16)))) -> 888444008 | E25: =IF(A25="","",INDIRECT("'DS nhân viên Speedtest'!D"& (38+QUOTIENT(A25-1,16)))) -> x | F25: =IF(A25="","","Lần "&(MOD(ROW()-ROW($A$7),16)+1)) -> Lần 3 | G25: 46206 | H25: 75 | I25: 15 | J25: 149 | K25: 59 | M25: =IF(B25="","",IF(OR(G25="",H25="",I25=""),0,1)) -> 1 | N25: =IF(B25="","",IF(OR(G25="",J25="",K25=""),0,1)) -> 1 | O25: =IF(B25="","",IF((J25-0)>200,1,0)) -> 0
A26: =IF(INDIRECT("'DS nhân viên Speedtest'!B"& (38+QUOTIENT(ROW()-ROW($A$7),16)))="","",ROW()-ROW($A$7)+1) -> 20 | B26: =IF(A26="","",B25) -> Tổ Hạ tầng Gò Dầu | C26: =IF(A26="","",INDIRECT("'DS nhân viên Speedtest'!B"& (38+QUOTIENT(A26-1,16)))) -> Nguyễn Phan Duy An | D26: =IF(A26="","",INDIRECT("'DS nhân viên Speedtest'!C"& (38+QUOTIENT(A26-1,16)))) -> 888444008 | E26: =IF(A26="","",INDIRECT("'DS nhân viên Speedtest'!D"& (38+QUOTIENT(A26-1,16)))) -> x | F26: =IF(A26="","","Lần "&(MOD(ROW()-ROW($A$7),16)+1)) -> Lần 4 | G26: 46206 | H26: 94 | I26: 52 | J26: 148 | K26: 60 | M26: =IF(B26="","",IF(OR(G26="",H26="",I26=""),0,1)) -> 1 | N26: =IF(B26="","",IF(OR(G26="",J26="",K26=""),0,1)) -> 1 | O26: =IF(B26="","",IF((J26-0)>200,1,0)) -> 0
A27: =IF(INDIRECT("'DS nhân viên Speedtest'!B"& (38+QUOTIENT(ROW()-ROW($A$7),16)))="","",ROW()-ROW($A$7)+1) -> 21 | B27: =IF(A27="","",B26) -> Tổ Hạ tầng Gò Dầu | C27: =IF(A27="","",INDIRECT("'DS nhân viên Speedtest'!B"& (38+QUOTIENT(A27-1,16)))) -> Nguyễn Phan Duy An | D27: =IF(A27="","",INDIRECT("'DS nhân viên Speedtest'!C"& (38+QUOTIENT(A27-1,16)))) -> 888444008 | E27: =IF(A27="","",INDIRECT("'DS nhân viên Speedtest'!D"& (38+QUOTIENT(A27-1,16)))) -> x | F27: =IF(A27="","","Lần "&(MOD(ROW()-ROW($A$7),16)+1)) -> Lần 5 | G27: 46211 | H27: 162 | I27: 62 | J27: 146 | K27: 61 | M27: =IF(B27="","",IF(OR(G27="",H27="",I27=""),0,1)) -> 1 | N27: =IF(B27="","",IF(OR(G27="",J27="",K27=""),0,1)) -> 1 | O27: =IF(B27="","",IF((J27-0)>200,1,0)) -> 0
A28: =IF(INDIRECT("'DS nhân viên Speedtest'!B"& (38+QUOTIENT(ROW()-ROW($A$7),16)))="","",ROW()-ROW($A$7)+1) -> 22 | B28: =IF(A28="","",B27) -> Tổ Hạ tầng Gò Dầu | C28: =IF(A28="","",INDIRECT("'DS nhân viên Speedtest'!B"& (38+QUOTIENT(A28-1,16)))) -> Nguyễn Phan Duy An | D28: =IF(A28="","",INDIRECT("'DS nhân viên Speedtest'!C"& (38+QUOTIENT(A28-1,16)))) -> 888444008 | E28: =IF(A28="","",INDIRECT("'DS nhân viên Speedtest'!D"& (38+QUOTIENT(A28-1,16)))) -> x | F28: =IF(A28="","","Lần "&(MOD(ROW()-ROW($A$7),16)+1)) -> Lần 6 | G28: 46211 | H28: 147 | I28: 64 | J28: 146 | K28: 61 | M28: =IF(B28="","",IF(OR(G28="",H28="",I28=""),0,1)) -> 1 | N28: =IF(B28="","",IF(OR(G28="",J28="",K28=""),0,1)) -> 1 | O28: =IF(B28="","",IF((J28-0)>200,1,0)) -> 0
A29: =IF(INDIRECT("'DS nhân viên Speedtest'!B"& (38+QUOTIENT(ROW()-ROW($A$7),16)))="","",ROW()-ROW($A$7)+1) -> 23 | B29: =IF(A29="","",B28) -> Tổ Hạ tầng Gò Dầu | C29: =IF(A29="","",INDIRECT("'DS nhân viên Speedtest'!B"& (38+QUOTIENT(A29-1,16)))) -> Nguyễn Phan Duy An | D29: =IF(A29="","",INDIRECT("'DS nhân viên Speedtest'!C"& (38+QUOTIENT(A29-1,16)))) -> 888444008 | E29: =IF(A29="","",INDIRECT("'DS nhân viên Speedtest'!D"& (38+QUOTIENT(A29-1,16)))) -> x | F29: =IF(A29="","","Lần "&(MOD(ROW()-ROW($A$7),16)+1)) -> Lần 7 | G29: 46211 | H29: 139 | I29: 60 | J29: 145 | K29: 61 | M29: =IF(B29="","",IF(OR(G29="",H29="",I29=""),0,1)) -> 1 | N29: =IF(B29="","",IF(OR(G29="",J29="",K29=""),0,1)) -> 1 | O29: =IF(B29="","",IF((J29-0)>200,1,0)) -> 0
A30: =IF(INDIRECT("'DS nhân viên Speedtest'!B"& (38+QUOTIENT(ROW()-ROW($A$7),16)))="","",ROW()-ROW($A$7)+1) -> 24 | B30: =IF(A30="","",B29) -> Tổ Hạ tầng Gò Dầu | C30: =IF(A30="","",INDIRECT("'DS nhân viên Speedtest'!B"& (38+QUOTIENT(A30-1,16)))) -> Nguyễn Phan Duy An | D30: =IF(A30="","",INDIRECT("'DS nhân viên Speedtest'!C"& (38+QUOTIENT(A30-1,16)))) -> 888444008 | E30: =IF(A30="","",INDIRECT("'DS nhân viên Speedtest'!D"& (38+QUOTIENT(A30-1,16)))) -> x | F30: =IF(A30="","","Lần "&(MOD(ROW()-ROW($A$7),16)+1)) -> Lần 8 | G30: 46211 | H30: 158 | I30: 59 | J30: 137 | K30: 61 | M30: =IF(B30="","",IF(OR(G30="",H30="",I30=""),0,1)) -> 1 | N30: =IF(B30="","",IF(OR(G30="",J30="",K30=""),0,1)) -> 1 | O30: =IF(B30="","",IF((J30-0)>200,1,0)) -> 0
A31: =IF(INDIRECT("'DS nhân viên Speedtest'!B"& (38+QUOTIENT(ROW()-ROW($A$7),16)))="","",ROW()-ROW($A$7)+1) -> 25 | B31: =IF(A31="","",B30) -> Tổ Hạ tầng Gò Dầu | C31: =IF(A31="","",INDIRECT("'DS nhân viên Speedtest'!B"& (38+QUOTIENT(A31-1,16)))) -> Nguyễn Phan Duy An | D31: =IF(A31="","",INDIRECT("'DS nhân viên Speedtest'!C"& (38+QUOTIENT(A31-1,16)))) -> 888444008 | E31: =IF(A31="","",INDIRECT("'DS nhân viên Speedtest'!D"& (38+QUOTIENT(A31-1,16)))) -> x | F31: =IF(A31="","","Lần "&(MOD(ROW()-ROW($A$7),16)+1)) -> Lần 9 | G31: 46217 | H31: 150 | I31: 62 | J31: 149 | K31: 59 | M31: =IF(B31="","",IF(OR(G31="",H31="",I31=""),0,1)) -> 1 | N31: =IF(B31="","",IF(OR(G31="",J31="",K31=""),0,1)) -> 1 | O31: =IF(B31="","",IF((J31-0)>200,1,0)) -> 0
A32: =IF(INDIRECT("'DS nhân viên Speedtest'!B"& (38+QUOTIENT(ROW()-ROW($A$7),16)))="","",ROW()-ROW($A$7)+1) -> 26 | B32: =IF(A32="","",B31) -> Tổ Hạ tầng Gò Dầu | C32: =IF(A32="","",INDIRECT("'DS nhân viên Speedtest'!B"& (38+QUOTIENT(A32-1,16)))) -> Nguyễn Phan Duy An | D32: =IF(A32="","",INDIRECT("'DS nhân viên Speedtest'!C"& (38+QUOTIENT(A32-1,16)))) -> 888444008 | E32: =IF(A32="","",INDIRECT("'DS nhân viên Speedtest'!D"& (38+QUOTIENT(A32-1,16)))) -> x | F32: =IF(A32="","","Lần "&(MOD(ROW()-ROW($A$7),16)+1)) -> Lần 10 | G32: 46217 | H32: 160 | I32: 60 | J32: 148 | K32: 60 | M32: =IF(B32="","",IF(OR(G32="",H32="",I32=""),0,1)) -> 1 | N32: =IF(B32="","",IF(OR(G32="",J32="",K32=""),0,1)) -> 1 | O32: =IF(B32="","",IF((J32-0)>200,1,0)) -> 0
A33: =IF(INDIRECT("'DS nhân viên Speedtest'!B"& (38+QUOTIENT(ROW()-ROW($A$7),16)))="","",ROW()-ROW($A$7)+1) -> 27 | B33: =IF(A33="","",B32) -> Tổ Hạ tầng Gò Dầu | C33: =IF(A33="","",INDIRECT("'DS nhân viên Speedtest'!B"& (38+QUOTIENT(A33-1,16)))) -> Nguyễn Phan Duy An | D33: =IF(A33="","",INDIRECT("'DS nhân viên Speedtest'!C"& (38+QUOTIENT(A33-1,16)))) -> 888444008 | E33: =IF(A33="","",INDIRECT("'DS nhân viên Speedtest'!D"& (38+QUOTIENT(A33-1,16)))) -> x | F33: =IF(A33="","","Lần "&(MOD(ROW()-ROW($A$7),16)+1)) -> Lần 11 | G33: 46217 | H33: 146 | I33: 57 | J33: 146 | K33: 61 | M33: =IF(B33="","",IF(OR(G33="",H33="",I33=""),0,1)) -> 1 | N33: =IF(B33="","",IF(OR(G33="",J33="",K33=""),0,1)) -> 1 | O33: =IF(B33="","",IF((J33-0)>200,1,0)) -> 0
A34: =IF(INDIRECT("'DS nhân viên Speedtest'!B"& (38+QUOTIENT(ROW()-ROW($A$7),16)))="","",ROW()-ROW($A$7)+1) -> 28 | B34: =IF(A34="","",B33) -> Tổ Hạ tầng Gò Dầu | C34: =IF(A34="","",INDIRECT("'DS nhân viên Speedtest'!B"& (38+QUOTIENT(A34-1,16)))) -> Nguyễn Phan Duy An | D34: =IF(A34="","",INDIRECT("'DS nhân viên Speedtest'!C"& (38+QUOTIENT(A34-1,16)))) -> 888444008 | E34: =IF(A34="","",INDIRECT("'DS nhân viên Speedtest'!D"& (38+QUOTIENT(A34-1,16)))) -> x | F34: =IF(A34="","","Lần "&(MOD(ROW()-ROW($A$7),16)+1)) -> Lần 12 | G34: 46217 | H34: 160 | I34: 61 | J34: 146 | K34: 61 | M34: =IF(B34="","",IF(OR(G34="",H34="",I34=""),0,1)) -> 1 | N34: =IF(B34="","",IF(OR(G34="",J34="",K34=""),0,1)) -> 1 | O34: =IF(B34="","",IF((J34-0)>200,1,0)) -> 0
A35: =IF(INDIRECT("'DS nhân viên Speedtest'!B"& (38+QUOTIENT(ROW()-ROW($A$7),16)))="","",ROW()-ROW($A$7)+1) -> 29 | B35: =IF(A35="","",B34) -> Tổ Hạ tầng Gò Dầu | C35: =IF(A35="","",INDIRECT("'DS nhân viên Speedtest'!B"& (38+QUOTIENT(A35-1,16)))) -> Nguyễn Phan Duy An | D35: =IF(A35="","",INDIRECT("'DS nhân viên Speedtest'!C"& (38+QUOTIENT(A35-1,16)))) -> 888444008 | E35: =IF(A35="","",INDIRECT("'DS nhân viên Speedtest'!D"& (38+QUOTIENT(A35-1,16)))) -> x | F35: =IF(A35="","","Lần "&(MOD(ROW()-ROW($A$7),16)+1)) -> Lần 13 | G35: 46223 | M35: =IF(B35="","",IF(OR(G35="",H35="",I35=""),0,1)) -> 0 | N35: =IF(B35="","",IF(OR(G35="",J35="",K35=""),0,1)) -> 0 | O35: =IF(B35="","",IF((J35-0)>200,1,0)) -> 0
A36: =IF(INDIRECT("'DS nhân viên Speedtest'!B"& (38+QUOTIENT(ROW()-ROW($A$7),16)))="","",ROW()-ROW($A$7)+1) -> 30 | B36: =IF(A36="","",B35) -> Tổ Hạ tầng Gò Dầu | C36: =IF(A36="","",INDIRECT("'DS nhân viên Speedtest'!B"& (38+QUOTIENT(A36-1,16)))) -> Nguyễn Phan Duy An | D36: =IF(A36="","",INDIRECT("'DS nhân viên Speedtest'!C"& (38+QUOTIENT(A36-1,16)))) -> 888444008 | E36: =IF(A36="","",INDIRECT("'DS nhân viên Speedtest'!D"& (38+QUOTIENT(A36-1,16)))) -> x | F36: =IF(A36="","","Lần "&(MOD(ROW()-ROW($A$7),16)+1)) -> Lần 14 | G36: 46223 | M36: =IF(B36="","",IF(OR(G36="",H36="",I36=""),0,1)) -> 0 | N36: =IF(B36="","",IF(OR(G36="",J36="",K36=""),0,1)) -> 0 | O36: =IF(B36="","",IF((J36-0)>200,1,0)) -> 0
A37: =IF(INDIRECT("'DS nhân viên Speedtest'!B"& (38+QUOTIENT(ROW()-ROW($A$7),16)))="","",ROW()-ROW($A$7)+1) -> 31 | B37: =IF(A37="","",B36) -> Tổ Hạ tầng Gò Dầu | C37: =IF(A37="","",INDIRECT("'DS nhân viên Speedtest'!B"& (38+QUOTIENT(A37-1,16)))) -> Nguyễn Phan Duy An | D37: =IF(A37="","",INDIRECT("'DS nhân viên Speedtest'!C"& (38+QUOTIENT(A37-1,16)))) -> 888444008 | E37: =IF(A37="","",INDIRECT("'DS nhân viên Speedtest'!D"& (38+QUOTIENT(A37-1,16)))) -> x | F37: =IF(A37="","","Lần "&(MOD(ROW()-ROW($A$7),16)+1)) -> Lần 15 | G37: 46223 | M37: =IF(B37="","",IF(OR(G37="",H37="",I37=""),0,1)) -> 0 | N37: =IF(B37="","",IF(OR(G37="",J37="",K37=""),0,1)) -> 0 | O37: =IF(B37="","",IF((J37-0)>200,1,0)) -> 0
A38: =IF(INDIRECT("'DS nhân viên Speedtest'!B"& (38+QUOTIENT(ROW()-ROW($A$7),16)))="","",ROW()-ROW($A$7)+1) -> 32 | B38: =IF(A38="","",B37) -> Tổ Hạ tầng Gò Dầu | C38: =IF(A38="","",INDIRECT("'DS nhân viên Speedtest'!B"& (38+QUOTIENT(A38-1,16)))) -> Nguyễn Phan Duy An | D38: =IF(A38="","",INDIRECT("'DS nhân viên Speedtest'!C"& (38+QUOTIENT(A38-1,16)))) -> 888444008 | E38: =IF(A38="","",INDIRECT("'DS nhân viên Speedtest'!D"& (38+QUOTIENT(A38-1,16)))) -> x | F38: =IF(A38="","","Lần "&(MOD(ROW()-ROW($A$7),16)+1)) -> Lần 16 | G38: 46223 | M38: =IF(B38="","",IF(OR(G38="",H38="",I38=""),0,1)) -> 0 | N38: =IF(B38="","",IF(OR(G38="",J38="",K38=""),0,1)) -> 0 | O38: =IF(B38="","",IF((J38-0)>200,1,0)) -> 0
A39: =IF(INDIRECT("'DS nhân viên Speedtest'!B"& (38+QUOTIENT(ROW()-ROW($A$7),16)))="","",ROW()-ROW($A$7)+1) -> 33 | B39: =IF(A39="","",B38) -> Tổ Hạ tầng Gò Dầu | C39: =IF(A39="","",INDIRECT("'DS nhân viên Speedtest'!B"& (38+QUOTIENT(A39-1,16)))) -> Huỳnh Tấn Cường | D39: =IF(A39="","",INDIRECT("'DS nhân viên Speedtest'!C"& (38+QUOTIENT(A39-1,16)))) -> 835159879 | E39: =IF(A39="","",INDIRECT("'DS nhân viên Speedtest'!D"& (38+QUOTIENT(A39-1,16)))) -> cuonght.tnh@vnpt.vn | F39: =IF(A39="","","Lần "&(MOD(ROW()-ROW($A$7),16)+1)) -> Lần 1 | G39: 46206 | H39: 218 | I39: 32 | J39: 393 | K39: 19 | M39: =IF(B39="","",IF(OR(G39="",H39="",I39=""),0,1)) -> 1 | N39: =IF(B39="","",IF(OR(G39="",J39="",K39=""),0,1)) -> 1 | O39: =IF(B39="","",IF((J39-0)>200,1,0)) -> 1
A40: =IF(INDIRECT("'DS nhân viên Speedtest'!B"& (38+QUOTIENT(ROW()-ROW($A$7),16)))="","",ROW()-ROW($A$7)+1) -> 34 | B40: =IF(A40="","",B39) -> Tổ Hạ tầng Gò Dầu | C40: =IF(A40="","",INDIRECT("'DS nhân viên Speedtest'!B"& (38+QUOTIENT(A40-1,16)))) -> Huỳnh Tấn Cường | D40: =IF(A40="","",INDIRECT("'DS nhân viên Speedtest'!C"& (38+QUOTIENT(A40-1,16)))) -> 835159879 | E40: =IF(A40="","",INDIRECT("'DS nhân viên Speedtest'!D"& (38+QUOTIENT(A40-1,16)))) -> cuonght.tnh@vnpt.vn | F40: =IF(A40="","","Lần "&(MOD(ROW()-ROW($A$7),16)+1)) -> Lần 2 | G40: 46206 | H40: 137 | I40: 30 | J40: 320 | K40: 17 | M40: =IF(B40="","",IF(OR(G40="",H40="",I40=""),0,1)) -> 1 | N40: =IF(B40="","",IF(OR(G40="",J40="",K40=""),0,1)) -> 1 | O40: =IF(B40="","",IF((J40-0)>200,1,0)) -> 1
A41: =IF(INDIRECT("'DS nhân viên Speedtest'!B"& (38+QUOTIENT(ROW()-ROW($A$7),16)))="","",ROW()-ROW($A$7)+1) -> 35 | B41: =IF(A41="","",B40) -> Tổ Hạ tầng Gò Dầu | C41: =IF(A41="","",INDIRECT("'DS nhân viên Speedtest'!B"& (38+QUOTIENT(A41-1,16)))) -> Huỳnh Tấn Cường | D41: =IF(A41="","",INDIRECT("'DS nhân viên Speedtest'!C"& (38+QUOTIENT(A41-1,16)))) -> 835159879 | E41: =IF(A41="","",INDIRECT("'DS nhân viên Speedtest'!D"& (38+QUOTIENT(A41-1,16)))) -> cuonght.tnh@vnpt.vn | F41: =IF(A41="","","Lần "&(MOD(ROW()-ROW($A$7),16)+1)) -> Lần 3 | G41: 46206 | H41: 220 | I41: 28 | J41: 475 | K41: 20 | M41: =IF(B41="","",IF(OR(G41="",H41="",I41=""),0,1)) -> 1 | N41: =IF(B41="","",IF(OR(G41="",J41="",K41=""),0,1)) -> 1 | O41: =IF(B41="","",IF((J41-0)>200,1,0)) -> 1
A42: =IF(INDIRECT("'DS nhân viên Speedtest'!B"& (38+QUOTIENT(ROW()-ROW($A$7),16)))="","",ROW()-ROW($A$7)+1) -> 36 | B42: =IF(A42="","",B41) -> Tổ Hạ tầng Gò Dầu | C42: =IF(A42="","",INDIRECT("'DS nhân viên Speedtest'!B"& (38+QUOTIENT(A42-1,16)))) -> Huỳnh Tấn Cường | D42: =IF(A42="","",INDIRECT("'DS nhân viên Speedtest'!C"& (38+QUOTIENT(A42-1,16)))) -> 835159879 | E42: =IF(A42="","",INDIRECT("'DS nhân viên Speedtest'!D"& (38+QUOTIENT(A42-1,16)))) -> cuonght.tnh@vnpt.vn | F42: =IF(A42="","","Lần "&(MOD(ROW()-ROW($A$7),16)+1)) -> Lần 4 | G42: 46206 | H42: 267 | I42: 24 | J42: 629 | K42: 22 | M42: =IF(B42="","",IF(OR(G42="",H42="",I42=""),0,1)) -> 1 | N42: =IF(B42="","",IF(OR(G42="",J42="",K42=""),0,1)) -> 1 | O42: =IF(B42="","",IF((J42-0)>200,1,0)) -> 1
A43: =IF(INDIRECT("'DS nhân viên Speedtest'!B"& (38+QUOTIENT(ROW()-ROW($A$7),16)))="","",ROW()-ROW($A$7)+1) -> 37 | B43: =IF(A43="","",B42) -> Tổ Hạ tầng Gò Dầu | C43: =IF(A43="","",INDIRECT("'DS nhân viên Speedtest'!B"& (38+QUOTIENT(A43-1,16)))) -> Huỳnh Tấn Cường | D43: =IF(A43="","",INDIRECT("'DS nhân viên Speedtest'!C"& (38+QUOTIENT(A43-1,16)))) -> 835159879 | E43: =IF(A43="","",INDIRECT("'DS nhân viên Speedtest'!D"& (38+QUOTIENT(A43-1,16)))) -> cuonght.tnh@vnpt.vn | F43: =IF(A43="","","Lần "&(MOD(ROW()-ROW($A$7),16)+1)) -> Lần 5 | G43: 46211 | H43: 237 | I43: 30 | J43: 581 | K43: 28 | M43: =IF(B43="","",IF(OR(G43="",H43="",I43=""),0,1)) -> 1 | N43: =IF(B43="","",IF(OR(G43="",J43="",K43=""),0,1)) -> 1 | O43: =IF(B43="","",IF((J43-0)>200,1,0)) -> 1
A44: =IF(INDIRECT("'DS nhân viên Speedtest'!B"& (38+QUOTIENT(ROW()-ROW($A$7),16)))="","",ROW()-ROW($A$7)+1) -> 38 | B44: =IF(A44="","",B43) -> Tổ Hạ tầng Gò Dầu | C44: =IF(A44="","",INDIRECT("'DS nhân viên Speedtest'!B"& (38+QUOTIENT(A44-1,16)))) -> Huỳnh Tấn Cường | D44: =IF(A44="","",INDIRECT("'DS nhân viên Speedtest'!C"& (38+QUOTIENT(A44-1,16)))) -> 835159879 | E44: =IF(A44="","",INDIRECT("'DS nhân viên Speedtest'!D"& (38+QUOTIENT(A44-1,16)))) -> cuonght.tnh@vnpt.vn | F44: =IF(A44="","","Lần "&(MOD(ROW()-ROW($A$7),16)+1)) -> Lần 6 | G44: 46211 | H44: 233 | I44: 16 | J44: 438 | K44: 18 | M44: =IF(B44="","",IF(OR(G44="",H44="",I44=""),0,1)) -> 1 | N44: =IF(B44="","",IF(OR(G44="",J44="",K44=""),0,1)) -> 1 | O44: =IF(B44="","",IF((J44-0)>200,1,0)) -> 1
A45: =IF(INDIRECT("'DS nhân viên Speedtest'!B"& (38+QUOTIENT(ROW()-ROW($A$7),16)))="","",ROW()-ROW($A$7)+1) -> 39 | B45: =IF(A45="","",B44) -> Tổ Hạ tầng Gò Dầu | C45: =IF(A45="","",INDIRECT("'DS nhân viên Speedtest'!B"& (38+QUOTIENT(A45-1,16)))) -> Huỳnh Tấn Cường | D45: =IF(A45="","",INDIRECT("'DS nhân viên Speedtest'!C"& (38+QUOTIENT(A45-1,16)))) -> 835159879 | E45: =IF(A45="","",INDIRECT("'DS nhân viên Speedtest'!D"& (38+QUOTIENT(A45-1,16)))) -> cuonght.tnh@vnpt.vn | F45: =IF(A45="","","Lần "&(MOD(ROW()-ROW($A$7),16)+1)) -> Lần 7 | G45: 46211 | H45: 142 | I45: 19 | J45: 419 | K45: 23 | M45: =IF(B45="","",IF(OR(G45="",H45="",I45=""),0,1)) -> 1 | N45: =IF(B45="","",IF(OR(G45="",J45="",K45=""),0,1)) -> 1 | O45: =IF(B45="","",IF((J45-0)>200,1,0)) -> 1
A46: =IF(INDIRECT("'DS nhân viên Speedtest'!B"& (38+QUOTIENT(ROW()-ROW($A$7),16)))="","",ROW()-ROW($A$7)+1) -> 40 | B46: =IF(A46="","",B45) -> Tổ Hạ tầng Gò Dầu | C46: =IF(A46="","",INDIRECT("'DS nhân viên Speedtest'!B"& (38+QUOTIENT(A46-1,16)))) -> Huỳnh Tấn Cường | D46: =IF(A46="","",INDIRECT("'DS nhân viên Speedtest'!C"& (38+QUOTIENT(A46-1,16)))) -> 835159879 | E46: =IF(A46="","",INDIRECT("'DS nhân viên Speedtest'!D"& (38+QUOTIENT(A46-1,16)))) -> cuonght.tnh@vnpt.vn | F46: =IF(A46="","","Lần "&(MOD(ROW()-ROW($A$7),16)+1)) -> Lần 8 | G46: 46211 | H46: 154 | I46: 35 | J46: 382 | K46: 20 | M46: =IF(B46="","",IF(OR(G46="",H46="",I46=""),0,1)) -> 1 | N46: =IF(B46="","",IF(OR(G46="",J46="",K46=""),0,1)) -> 1 | O46: =IF(B46="","",IF((J46-0)>200,1,0)) -> 1
A47: =IF(INDIRECT("'DS nhân viên Speedtest'!B"& (38+QUOTIENT(ROW()-ROW($A$7),16)))="","",ROW()-ROW($A$7)+1) -> 41 | B47: =IF(A47="","",B46) -> Tổ Hạ tầng Gò Dầu | C47: =IF(A47="","",INDIRECT("'DS nhân viên Speedtest'!B"& (38+QUOTIENT(A47-1,16)))) -> Huỳnh Tấn Cường | D47: =IF(A47="","",INDIRECT("'DS nhân viên Speedtest'!C"& (38+QUOTIENT(A47-1,16)))) -> 835159879 | E47: =IF(A47="","",INDIRECT("'DS nhân viên Speedtest'!D"& (38+QUOTIENT(A47-1,16)))) -> cuonght.tnh@vnpt.vn | F47: =IF(A47="","","Lần "&(MOD(ROW()-ROW($A$7),16)+1)) -> Lần 9 | G47: 46217 | H47: 287 | I47: 30 | J47: 482 | K47: 22 | M47: =IF(B47="","",IF(OR(G47="",H47="",I47=""),0,1)) -> 1 | N47: =IF(B47="","",IF(OR(G47="",J47="",K47=""),0,1)) -> 1 | O47: =IF(B47="","",IF((J47-0)>200,1,0)) -> 1
A48: =IF(INDIRECT("'DS nhân viên Speedtest'!B"& (38+QUOTIENT(ROW()-ROW($A$7),16)))="","",ROW()-ROW($A$7)+1) -> 42 | B48: =IF(A48="","",B47) -> Tổ Hạ tầng Gò Dầu | C48: =IF(A48="","",INDIRECT("'DS nhân viên Speedtest'!B"& (38+QUOTIENT(A48-1,16)))) -> Huỳnh Tấn Cường | D48: =IF(A48="","",INDIRECT("'DS nhân viên Speedtest'!C"& (38+QUOTIENT(A48-1,16)))) -> 835159879 | E48: =IF(A48="","",INDIRECT("'DS nhân viên Speedtest'!D"& (38+QUOTIENT(A48-1,16)))) -> cuonght.tnh@vnpt.vn | F48: =IF(A48="","","Lần "&(MOD(ROW()-ROW($A$7),16)+1)) -> Lần 10 | G48: 46217 | H48: 227 | I48: 29 | J48: 308 | K48: 21 | M48: =IF(B48="","",IF(OR(G48="",H48="",I48=""),0,1)) -> 1 | N48: =IF(B48="","",IF(OR(G48="",J48="",K48=""),0,1)) -> 1 | O48: =IF(B48="","",IF((J48-0)>200,1,0)) -> 1
A49: =IF(INDIRECT("'DS nhân viên Speedtest'!B"& (38+QUOTIENT(ROW()-ROW($A$7),16)))="","",ROW()-ROW($A$7)+1) -> 43 | B49: =IF(A49="","",B48) -> Tổ Hạ tầng Gò Dầu | C49: =IF(A49="","",INDIRECT("'DS nhân viên Speedtest'!B"& (38+QUOTIENT(A49-1,16)))) -> Huỳnh Tấn Cường | D49: =IF(A49="","",INDIRECT("'DS nhân viên Speedtest'!C"& (38+QUOTIENT(A49-1,16)))) -> 835159879 | E49: =IF(A49="","",INDIRECT("'DS nhân viên Speedtest'!D"& (38+QUOTIENT(A49-1,16)))) -> cuonght.tnh@vnpt.vn | F49: =IF(A49="","","Lần "&(MOD(ROW()-ROW($A$7),16)+1)) -> Lần 11 | G49: 46217 | H49: 189 | I49: 28 | J49: 371 | K49: 15 | M49: =IF(B49="","",IF(OR(G49="",H49="",I49=""),0,1)) -> 1 | N49: =IF(B49="","",IF(OR(G49="",J49="",K49=""),0,1)) -> 1 | O49: =IF(B49="","",IF((J49-0)>200,1,0)) -> 1
A50: =IF(INDIRECT("'DS nhân viên Speedtest'!B"& (38+QUOTIENT(ROW()-ROW($A$7),16)))="","",ROW()-ROW($A$7)+1) -> 44 | B50: =IF(A50="","",B49) -> Tổ Hạ tầng Gò Dầu | C50: =IF(A50="","",INDIRECT("'DS nhân viên Speedtest'!B"& (38+QUOTIENT(A50-1,16)))) -> Huỳnh Tấn Cường | D50: =IF(A50="","",INDIRECT("'DS nhân viên Speedtest'!C"& (38+QUOTIENT(A50-1,16)))) -> 835159879 | E50: =IF(A50="","",INDIRECT("'DS nhân viên Speedtest'!D"& (38+QUOTIENT(A50-1,16)))) -> cuonght.tnh@vnpt.vn | F50: =IF(A50="","","Lần "&(MOD(ROW()-ROW($A$7),16)+1)) -> Lần 12 | G50: 46217 | H50: 185 | I50: 18 | J50: 541 | K50: 25 | M50: =IF(B50="","",IF(OR(G50="",H50="",I50=""),0,1)) -> 1 | N50: =IF(B50="","",IF(OR(G50="",J50="",K50=""),0,1)) -> 1 | O50: =IF(B50="","",IF((J50-0)>200,1,0)) -> 1
A51: =IF(INDIRECT("'DS nhân viên Speedtest'!B"& (38+QUOTIENT(ROW()-ROW($A$7),16)))="","",ROW()-ROW($A$7)+1) -> 45 | B51: =IF(A51="","",B50) -> Tổ Hạ tầng Gò Dầu | C51: =IF(A51="","",INDIRECT("'DS nhân viên Speedtest'!B"& (38+QUOTIENT(A51-1,16)))) -> Huỳnh Tấn Cường | D51: =IF(A51="","",INDIRECT("'DS nhân viên Speedtest'!C"& (38+QUOTIENT(A51-1,16)))) -> 835159879 | E51: =IF(A51="","",INDIRECT("'DS nhân viên Speedtest'!D"& (38+QUOTIENT(A51-1,16)))) -> cuonght.tnh@vnpt.vn | F51: =IF(A51="","","Lần "&(MOD(ROW()-ROW($A$7),16)+1)) -> Lần 13 | G51: 46223 | M51: =IF(B51="","",IF(OR(G51="",H51="",I51=""),0,1)) -> 0 | N51: =IF(B51="","",IF(OR(G51="",J51="",K51=""),0,1)) -> 0 | O51: =IF(B51="","",IF((J51-0)>200,1,0)) -> 0
A52: =IF(INDIRECT("'DS nhân viên Speedtest'!B"& (38+QUOTIENT(ROW()-ROW($A$7),16)))="","",ROW()-ROW($A$7)+1) -> 46 | B52: =IF(A52="","",B51) -> Tổ Hạ tầng Gò Dầu | C52: =IF(A52="","",INDIRECT("'DS nhân viên Speedtest'!B"& (38+QUOTIENT(A52-1,16)))) -> Huỳnh Tấn Cường | D52: =IF(A52="","",INDIRECT("'DS nhân viên Speedtest'!C"& (38+QUOTIENT(A52-1,16)))) -> 835159879 | E52: =IF(A52="","",INDIRECT("'DS nhân viên Speedtest'!D"& (38+QUOTIENT(A52-1,16)))) -> cuonght.tnh@vnpt.vn | F52: =IF(A52="","","Lần "&(MOD(ROW()-ROW($A$7),16)+1)) -> Lần 14 | G52: 46223 | M52: =IF(B52="","",IF(OR(G52="",H52="",I52=""),0,1)) -> 0 | N52: =IF(B52="","",IF(OR(G52="",J52="",K52=""),0,1)) -> 0 | O52: =IF(B52="","",IF((J52-0)>200,1,0)) -> 0
A53: =IF(INDIRECT("'DS nhân viên Speedtest'!B"& (38+QUOTIENT(ROW()-ROW($A$7),16)))="","",ROW()-ROW($A$7)+1) -> 47 | B53: =IF(A53="","",B52) -> Tổ Hạ tầng Gò Dầu | C53: =IF(A53="","",INDIRECT("'DS nhân viên Speedtest'!B"& (38+QUOTIENT(A53-1,16)))) -> Huỳnh Tấn Cường | D53: =IF(A53="","",INDIRECT("'DS nhân viên Speedtest'!C"& (38+QUOTIENT(A53-1,16)))) -> 835159879 | E53: =IF(A53="","",INDIRECT("'DS nhân viên Speedtest'!D"& (38+QUOTIENT(A53-1,16)))) -> cuonght.tnh@vnpt.vn | F53: =IF(A53="","","Lần "&(MOD(ROW()-ROW($A$7),16)+1)) -> Lần 15 | G53: 46223 | M53: =IF(B53="","",IF(OR(G53="",H53="",I53=""),0,1)) -> 0 | N53: =IF(B53="","",IF(OR(G53="",J53="",K53=""),0,1)) -> 0 | O53: =IF(B53="","",IF((J53-0)>200,1,0)) -> 0
A54: =IF(INDIRECT("'DS nhân viên Speedtest'!B"& (38+QUOTIENT(ROW()-ROW($A$7),16)))="","",ROW()-ROW($A$7)+1) -> 48 | B54: =IF(A54="","",B53) -> Tổ Hạ tầng Gò Dầu | C54: =IF(A54="","",INDIRECT("'DS nhân viên Speedtest'!B"& (38+QUOTIENT(A54-1,16)))) -> Huỳnh Tấn Cường | D54: =IF(A54="","",INDIRECT("'DS nhân viên Speedtest'!C"& (38+QUOTIENT(A54-1,16)))) -> 835159879 | E54: =IF(A54="","",INDIRECT("'DS nhân viên Speedtest'!D"& (38+QUOTIENT(A54-1,16)))) -> cuonght.tnh@vnpt.vn | F54: =IF(A54="","","Lần "&(MOD(ROW()-ROW($A$7),16)+1)) -> Lần 16 | G54: 46223 | M54: =IF(B54="","",IF(OR(G54="",H54="",I54=""),0,1)) -> 0 | N54: =IF(B54="","",IF(OR(G54="",J54="",K54=""),0,1)) -> 0 | O54: =IF(B54="","",IF((J54-0)>200,1,0)) -> 0
A55: =IF(INDIRECT("'DS nhân viên Speedtest'!B"& (38+QUOTIENT(ROW()-ROW($A$7),16)))="","",ROW()-ROW($A$7)+1) -> 49 | B55: =IF(A55="","",B54) -> Tổ Hạ tầng Gò Dầu | C55: =IF(A55="","",INDIRECT("'DS nhân viên Speedtest'!B"& (38+QUOTIENT(A55-1,16)))) -> Nguyễn Văn Minh | D55: =IF(A55="","",INDIRECT("'DS nhân viên Speedtest'!C"& (38+QUOTIENT(A55-1,16)))) -> 812456561 | E55: =IF(A55="","",INDIRECT("'DS nhân viên Speedtest'!D"& (38+QUOTIENT(A55-1,16)))) -> minhnv.tnh@vnpt.vn | F55: =IF(A55="","","Lần "&(MOD(ROW()-ROW($A$7),16)+1)) -> Lần 1 | G55: 46206 | H55: 110 | I55: 40 | J55: 83 | K55: 40 | M55: =IF(B55="","",IF(OR(G55="",H55="",I55=""),0,1)) -> 1 | N55: =IF(B55="","",IF(OR(G55="",J55="",K55=""),0,1)) -> 1 | O55: =IF(B55="","",IF((J55-0)>200,1,0)) -> 0
A56: =IF(INDIRECT("'DS nhân viên Speedtest'!B"& (38+QUOTIENT(ROW()-ROW($A$7),16)))="","",ROW()-ROW($A$7)+1) -> 50 | B56: =IF(A56="","",B55) -> Tổ Hạ tầng Gò Dầu | C56: =IF(A56="","",INDIRECT("'DS nhân viên Speedtest'!B"& (38+QUOTIENT(A56-1,16)))) -> Nguyễn Văn Minh | D56: =IF(A56="","",INDIRECT("'DS nhân viên Speedtest'!C"& (38+QUOTIENT(A56-1,16)))) -> 812456561 | E56: =IF(A56="","",INDIRECT("'DS nhân viên Speedtest'!D"& (38+QUOTIENT(A56-1,16)))) -> minhnv.tnh@vnpt.vn | F56: =IF(A56="","","Lần "&(MOD(ROW()-ROW($A$7),16)+1)) -> Lần 2 | G56: 46206 | H56: 112 | I56: 37 | J56: 100 | K56: 40 | M56: =IF(B56="","",IF(OR(G56="",H56="",I56=""),0,1)) -> 1 | N56: =IF(B56="","",IF(OR(G56="",J56="",K56=""),0,1)) -> 1 | O56: =IF(B56="","",IF((J56-0)>200,1,0)) -> 0
A57: =IF(INDIRECT("'DS nhân viên Speedtest'!B"& (38+QUOTIENT(ROW()-ROW($A$7),16)))="","",ROW()-ROW($A$7)+1) -> 51 | B57: =IF(A57="","",B56) -> Tổ Hạ tầng Gò Dầu | C57: =IF(A57="","",INDIRECT("'DS nhân viên Speedtest'!B"& (38+QUOTIENT(A57-1,16)))) -> Nguyễn Văn Minh | D57: =IF(A57="","",INDIRECT("'DS nhân viên Speedtest'!C"& (38+QUOTIENT(A57-1,16)))) -> 812456561 | E57: =IF(A57="","",INDIRECT("'DS nhân viên Speedtest'!D"& (38+QUOTIENT(A57-1,16)))) -> minhnv.tnh@vnpt.vn | F57: =IF(A57="","","Lần "&(MOD(ROW()-ROW($A$7),16)+1)) -> Lần 3 | G57: 46206 | H57: 120 | I57: 43 | J57: 88 | K57: 41 | M57: =IF(B57="","",IF(OR(G57="",H57="",I57=""),0,1)) -> 1 | N57: =IF(B57="","",IF(OR(G57="",J57="",K57=""),0,1)) -> 1 | O57: =IF(B57="","",IF((J57-0)>200,1,0)) -> 0
A58: =IF(INDIRECT("'DS nhân viên Speedtest'!B"& (38+QUOTIENT(ROW()-ROW($A$7),16)))="","",ROW()-ROW($A$7)+1) -> 52 | B58: =IF(A58="","",B57) -> Tổ Hạ tầng Gò Dầu | C58: =IF(A58="","",INDIRECT("'DS nhân viên Speedtest'!B"& (38+QUOTIENT(A58-1,16)))) -> Nguyễn Văn Minh | D58: =IF(A58="","",INDIRECT("'DS nhân viên Speedtest'!C"& (38+QUOTIENT(A58-1,16)))) -> 812456561 | E58: =IF(A58="","",INDIRECT("'DS nhân viên Speedtest'!D"& (38+QUOTIENT(A58-1,16)))) -> minhnv.tnh@vnpt.vn | F58: =IF(A58="","","Lần "&(MOD(ROW()-ROW($A$7),16)+1)) -> Lần 4 | G58: 46206 | H58: 111 | I58: 36 | J58: 97 | K58: 41 | M58: =IF(B58="","",IF(OR(G58="",H58="",I58=""),0,1)) -> 1 | N58: =IF(B58="","",IF(OR(G58="",J58="",K58=""),0,1)) -> 1 | O58: =IF(B58="","",IF((J58-0)>200,1,0)) -> 0
A59: =IF(INDIRECT("'DS nhân viên Speedtest'!B"& (38+QUOTIENT(ROW()-ROW($A$7),16)))="","",ROW()-ROW($A$7)+1) -> 53 | B59: =IF(A59="","",B58) -> Tổ Hạ tầng Gò Dầu | C59: =IF(A59="","",INDIRECT("'DS nhân viên Speedtest'!B"& (38+QUOTIENT(A59-1,16)))) -> Nguyễn Văn Minh | D59: =IF(A59="","",INDIRECT("'DS nhân viên Speedtest'!C"& (38+QUOTIENT(A59-1,16)))) -> 812456561 | E59: =IF(A59="","",INDIRECT("'DS nhân viên Speedtest'!D"& (38+QUOTIENT(A59-1,16)))) -> minhnv.tnh@vnpt.vn | F59: =IF(A59="","","Lần "&(MOD(ROW()-ROW($A$7),16)+1)) -> Lần 5 | G59: 46211 | H59: 106 | I59: 42 | J59: 89 | K59: 42 | M59: =IF(B59="","",IF(OR(G59="",H59="",I59=""),0,1)) -> 1 | N59: =IF(B59="","",IF(OR(G59="",J59="",K59=""),0,1)) -> 1 | O59: =IF(B59="","",IF((J59-0)>200,1,0)) -> 0
A60: =IF(INDIRECT("'DS nhân viên Speedtest'!B"& (38+QUOTIENT(ROW()-ROW($A$7),16)))="","",ROW()-ROW($A$7)+1) -> 54 | B60: =IF(A60="","",B59) -> Tổ Hạ tầng Gò Dầu | C60: =IF(A60="","",INDIRECT("'DS nhân viên Speedtest'!B"& (38+QUOTIENT(A60-1,16)))) -> Nguyễn Văn Minh | D60: =IF(A60="","",INDIRECT("'DS nhân viên Speedtest'!C"& (38+QUOTIENT(A60-1,16)))) -> 812456561 | E60: =IF(A60="","",INDIRECT("'DS nhân viên Speedtest'!D"& (38+QUOTIENT(A60-1,16)))) -> minhnv.tnh@vnpt.vn | F60: =IF(A60="","","Lần "&(MOD(ROW()-ROW($A$7),16)+1)) -> Lần 6 | G60: 46211 | H60: 131 | I60: 41 | J60: 90 | K60: 40 | M60: =IF(B60="","",IF(OR(G60="",H60="",I60=""),0,1)) -> 1 | N60: =IF(B60="","",IF(OR(G60="",J60="",K60=""),0,1)) -> 1 | O60: =IF(B60="","",IF((J60-0)>200,1,0)) -> 0
A61: =IF(INDIRECT("'DS nhân viên Speedtest'!B"& (38+QUOTIENT(ROW()-ROW($A$7),16)))="","",ROW()-ROW($A$7)+1) -> 55 | B61: =IF(A61="","",B60) -> Tổ Hạ tầng Gò Dầu | C61: =IF(A61="","",INDIRECT("'DS nhân viên Speedtest'!B"& (38+QUOTIENT(A61-1,16)))) -> Nguyễn Văn Minh | D61: =IF(A61="","",INDIRECT("'DS nhân viên Speedtest'!C"& (38+QUOTIENT(A61-1,16)))) -> 812456561 | E61: =IF(A61="","",INDIRECT("'DS nhân viên Speedtest'!D"& (38+QUOTIENT(A61-1,16)))) -> minhnv.tnh@vnpt.vn | F61: =IF(A61="","","Lần "&(MOD(ROW()-ROW($A$7),16)+1)) -> Lần 7 | G61: 46211 | H61: 114 | I61: 39 | J61: 86 | K61: 41 | M61: =IF(B61="","",IF(OR(G61="",H61="",I61=""),0,1)) -> 1 | N61: =IF(B61="","",IF(OR(G61="",J61="",K61=""),0,1)) -> 1 | O61: =IF(B61="","",IF((J61-0)>200,1,0)) -> 0
A62: =IF(INDIRECT("'DS nhân viên Speedtest'!B"& (38+QUOTIENT(ROW()-ROW($A$7),16)))="","",ROW()-ROW($A$7)+1) -> 56 | B62: =IF(A62="","",B61) -> Tổ Hạ tầng Gò Dầu | C62: =IF(A62="","",INDIRECT("'DS nhân viên Speedtest'!B"& (38+QUOTIENT(A62-1,16)))) -> Nguyễn Văn Minh | D62: =IF(A62="","",INDIRECT("'DS nhân viên Speedtest'!C"& (38+QUOTIENT(A62-1,16)))) -> 812456561 | E62: =IF(A62="","",INDIRECT("'DS nhân viên Speedtest'!D"& (38+QUOTIENT(A62-1,16)))) -> minhnv.tnh@vnpt.vn | F62: =IF(A62="","","Lần "&(MOD(ROW()-ROW($A$7),16)+1)) -> Lần 8 | G62: 46211 | H62: 119 | I62: 38 | J62: 92 | K62: 43 | M62: =IF(B62="","",IF(OR(G62="",H62="",I62=""),0,1)) -> 1 | N62: =IF(B62="","",IF(OR(G62="",J62="",K62=""),0,1)) -> 1 | O62: =IF(B62="","",IF((J62-0)>200,1,0)) -> 0
A63: =IF(INDIRECT("'DS nhân viên Speedtest'!B"& (38+QUOTIENT(ROW()-ROW($A$7),16)))="","",ROW()-ROW($A$7)+1) -> 57 | B63: =IF(A63="","",B62) -> Tổ Hạ tầng Gò Dầu | C63: =IF(A63="","",INDIRECT("'DS nhân viên Speedtest'!B"& (38+QUOTIENT(A63-1,16)))) -> Nguyễn Văn Minh | D63: =IF(A63="","",INDIRECT("'DS nhân viên Speedtest'!C"& (38+QUOTIENT(A63-1,16)))) -> 812456561 | E63: =IF(A63="","",INDIRECT("'DS nhân viên Speedtest'!D"& (38+QUOTIENT(A63-1,16)))) -> minhnv.tnh@vnpt.vn | F63: =IF(A63="","","Lần "&(MOD(ROW()-ROW($A$7),16)+1)) -> Lần 9 | G63: 46217 | H63: 86 | I63: 37 | J63: 81 | K63: 39 | M63: =IF(B63="","",IF(OR(G63="",H63="",I63=""),0,1)) -> 1 | N63: =IF(B63="","",IF(OR(G63="",J63="",K63=""),0,1)) -> 1 | O63: =IF(B63="","",IF((J63-0)>200,1,0)) -> 0
A64: =IF(INDIRECT("'DS nhân viên Speedtest'!B"& (38+QUOTIENT(ROW()-ROW($A$7),16)))="","",ROW()-ROW($A$7)+1) -> 58 | B64: =IF(A64="","",B63) -> Tổ Hạ tầng Gò Dầu | C64: =IF(A64="","",INDIRECT("'DS nhân viên Speedtest'!B"& (38+QUOTIENT(A64-1,16)))) -> Nguyễn Văn Minh | D64: =IF(A64="","",INDIRECT("'DS nhân viên Speedtest'!C"& (38+QUOTIENT(A64-1,16)))) -> 812456561 | E64: =IF(A64="","",INDIRECT("'DS nhân viên Speedtest'!D"& (38+QUOTIENT(A64-1,16)))) -> minhnv.tnh@vnpt.vn | F64: =IF(A64="","","Lần "&(MOD(ROW()-ROW($A$7),16)+1)) -> Lần 10 | G64: 46217 | H64: 86 | I64: 37 | J64: 87 | K64: 41 | M64: =IF(B64="","",IF(OR(G64="",H64="",I64=""),0,1)) -> 1 | N64: =IF(B64="","",IF(OR(G64="",J64="",K64=""),0,1)) -> 1 | O64: =IF(B64="","",IF((J64-0)>200,1,0)) -> 0
A65: =IF(INDIRECT("'DS nhân viên Speedtest'!B"& (38+QUOTIENT(ROW()-ROW($A$7),16)))="","",ROW()-ROW($A$7)+1) -> 59 | B65: =IF(A65="","",B64) -> Tổ Hạ tầng Gò Dầu | C65: =IF(A65="","",INDIRECT("'DS nhân viên Speedtest'!B"& (38+QUOTIENT(A65-1,16)))) -> Nguyễn Văn Minh | D65: =IF(A65="","",INDIRECT("'DS nhân viên Speedtest'!C"& (38+QUOTIENT(A65-1,16)))) -> 812456561 | E65: =IF(A65="","",INDIRECT("'DS nhân viên Speedtest'!D"& (38+QUOTIENT(A65-1,16)))) -> minhnv.tnh@vnpt.vn | F65: =IF(A65="","","Lần "&(MOD(ROW()-ROW($A$7),16)+1)) -> Lần 11 | G65: 46217 | H65: 90 | I65: 36 | J65: 84 | K65: 42 | M65: =IF(B65="","",IF(OR(G65="",H65="",I65=""),0,1)) -> 1 | N65: =IF(B65="","",IF(OR(G65="",J65="",K65=""),0,1)) -> 1 | O65: =IF(B65="","",IF((J65-0)>200,1,0)) -> 0
A66: =IF(INDIRECT("'DS nhân viên Speedtest'!B"& (38+QUOTIENT(ROW()-ROW($A$7),16)))="","",ROW()-ROW($A$7)+1) -> 60 | B66: =IF(A66="","",B65) -> Tổ Hạ tầng Gò Dầu | C66: =IF(A66="","",INDIRECT("'DS nhân viên Speedtest'!B"& (38+QUOTIENT(A66-1,16)))) -> Nguyễn Văn Minh | D66: =IF(A66="","",INDIRECT("'DS nhân viên Speedtest'!C"& (38+QUOTIENT(A66-1,16)))) -> 812456561 | E66: =IF(A66="","",INDIRECT("'DS nhân viên Speedtest'!D"& (38+QUOTIENT(A66-1,16)))) -> minhnv.tnh@vnpt.vn | F66: =IF(A66="","","Lần "&(MOD(ROW()-ROW($A$7),16)+1)) -> Lần 12 | G66: 46217 | H66: 90 | I66: 38 | J66: 93 | K66: 40 | M66: =IF(B66="","",IF(OR(G66="",H66="",I66=""),0,1)) -> 1 | N66: =IF(B66="","",IF(OR(G66="",J66="",K66=""),0,1)) -> 1 | O66: =IF(B66="","",IF((J66-0)>200,1,0)) -> 0
A67: =IF(INDIRECT("'DS nhân viên Speedtest'!B"& (38+QUOTIENT(ROW()-ROW($A$7),16)))="","",ROW()-ROW($A$7)+1) -> 61 | B67: =IF(A67="","",B66) -> Tổ Hạ tầng Gò Dầu | C67: =IF(A67="","",INDIRECT("'DS nhân viên Speedtest'!B"& (38+QUOTIENT(A67-1,16)))) -> Nguyễn Văn Minh | D67: =IF(A67="","",INDIRECT("'DS nhân viên Speedtest'!C"& (38+QUOTIENT(A67-1,16)))) -> 812456561 | E67: =IF(A67="","",INDIRECT("'DS nhân viên Speedtest'!D"& (38+QUOTIENT(A67-1,16)))) -> minhnv.tnh@vnpt.vn | F67: =IF(A67="","","Lần "&(MOD(ROW()-ROW($A$7),16)+1)) -> Lần 13 | G67: 46223 | M67: =IF(B67="","",IF(OR(G67="",H67="",I67=""),0,1)) -> 0 | N67: =IF(B67="","",IF(OR(G67="",J67="",K67=""),0,1)) -> 0 | O67: =IF(B67="","",IF((J67-0)>200,1,0)) -> 0
A68: =IF(INDIRECT("'DS nhân viên Speedtest'!B"& (38+QUOTIENT(ROW()-ROW($A$7),16)))="","",ROW()-ROW($A$7)+1) -> 62 | B68: =IF(A68="","",B67) -> Tổ Hạ tầng Gò Dầu | C68: =IF(A68="","",INDIRECT("'DS nhân viên Speedtest'!B"& (38+QUOTIENT(A68-1,16)))) -> Nguyễn Văn Minh | D68: =IF(A68="","",INDIRECT("'DS nhân viên Speedtest'!C"& (38+QUOTIENT(A68-1,16)))) -> 812456561 | E68: =IF(A68="","",INDIRECT("'DS nhân viên Speedtest'!D"& (38+QUOTIENT(A68-1,16)))) -> minhnv.tnh@vnpt.vn | F68: =IF(A68="","","Lần "&(MOD(ROW()-ROW($A$7),16)+1)) -> Lần 14 | G68: 46223 | M68: =IF(B68="","",IF(OR(G68="",H68="",I68=""),0,1)) -> 0 | N68: =IF(B68="","",IF(OR(G68="",J68="",K68=""),0,1)) -> 0 | O68: =IF(B68="","",IF((J68-0)>200,1,0)) -> 0
A69: =IF(INDIRECT("'DS nhân viên Speedtest'!B"& (38+QUOTIENT(ROW()-ROW($A$7),16)))="","",ROW()-ROW($A$7)+1) -> 63 | B69: =IF(A69="","",B68) -> Tổ Hạ tầng Gò Dầu | C69: =IF(A69="","",INDIRECT("'DS nhân viên Speedtest'!B"& (38+QUOTIENT(A69-1,16)))) -> Nguyễn Văn Minh | D69: =IF(A69="","",INDIRECT("'DS nhân viên Speedtest'!C"& (38+QUOTIENT(A69-1,16)))) -> 812456561 | E69: =IF(A69="","",INDIRECT("'DS nhân viên Speedtest'!D"& (38+QUOTIENT(A69-1,16)))) -> minhnv.tnh@vnpt.vn | F69: =IF(A69="","","Lần "&(MOD(ROW()-ROW($A$7),16)+1)) -> Lần 15 | G69: 46223 | M69: =IF(B69="","",IF(OR(G69="",H69="",I69=""),0,1)) -> 0 | N69: =IF(B69="","",IF(OR(G69="",J69="",K69=""),0,1)) -> 0 | O69: =IF(B69="","",IF((J69-0)>200,1,0)) -> 0
A70: =IF(INDIRECT("'DS nhân viên Speedtest'!B"& (38+QUOTIENT(ROW()-ROW($A$7),16)))="","",ROW()-ROW($A$7)+1) -> 64 | B70: =IF(A70="","",B69) -> Tổ Hạ tầng Gò Dầu | C70: =IF(A70="","",INDIRECT("'DS nhân viên Speedtest'!B"& (38+QUOTIENT(A70-1,16)))) -> Nguyễn Văn Minh | D70: =IF(A70="","",INDIRECT("'DS nhân viên Speedtest'!C"& (38+QUOTIENT(A70-1,16)))) -> 812456561 | E70: =IF(A70="","",INDIRECT("'DS nhân viên Speedtest'!D"& (38+QUOTIENT(A70-1,16)))) -> minhnv.tnh@vnpt.vn | F70: =IF(A70="","","Lần "&(MOD(ROW()-ROW($A$7),16)+1)) -> Lần 16 | G70: 46223 | M70: =IF(B70="","",IF(OR(G70="",H70="",I70=""),0,1)) -> 0 | N70: =IF(B70="","",IF(OR(G70="",J70="",K70=""),0,1)) -> 0 | O70: =IF(B70="","",IF((J70-0)>200,1,0)) -> 0
A71: =IF(INDIRECT("'DS nhân viên Speedtest'!B"& (38+QUOTIENT(ROW()-ROW($A$7),16)))="","",ROW()-ROW($A$7)+1) -> 65 | B71: =IF(A71="","",B70) -> Tổ Hạ tầng Gò Dầu | C71: =IF(A71="","",INDIRECT("'DS nhân viên Speedtest'!B"& (38+QUOTIENT(A71-1,16)))) -> Phạm Đình Thái | D71: =IF(A71="","",INDIRECT("'DS nhân viên Speedtest'!C"& (38+QUOTIENT(A71-1,16)))) -> 824903077 | E71: =IF(A71="","",INDIRECT("'DS nhân viên Speedtest'!D"& (38+QUOTIENT(A71-1,16)))) -> thaipd.tnh@vnpt.vn | F71: =IF(A71="","","Lần "&(MOD(ROW()-ROW($A$7),16)+1)) -> Lần 1 | G71: 46206 | H71: 89 | I71: 38 | J71: 79 | K71: 42 | M71: =IF(B71="","",IF(OR(G71="",H71="",I71=""),0,1)) -> 1 | N71: =IF(B71="","",IF(OR(G71="",J71="",K71=""),0,1)) -> 1 | O71: =IF(B71="","",IF((J71-0)>200,1,0)) -> 0
A72: =IF(INDIRECT("'DS nhân viên Speedtest'!B"& (38+QUOTIENT(ROW()-ROW($A$7),16)))="","",ROW()-ROW($A$7)+1) -> 66 | B72: =IF(A72="","",B71) -> Tổ Hạ tầng Gò Dầu | C72: =IF(A72="","",INDIRECT("'DS nhân viên Speedtest'!B"& (38+QUOTIENT(A72-1,16)))) -> Phạm Đình Thái | D72: =IF(A72="","",INDIRECT("'DS nhân viên Speedtest'!C"& (38+QUOTIENT(A72-1,16)))) -> 824903077 | E72: =IF(A72="","",INDIRECT("'DS nhân viên Speedtest'!D"& (38+QUOTIENT(A72-1,16)))) -> thaipd.tnh@vnpt.vn | F72: =IF(A72="","","Lần "&(MOD(ROW()-ROW($A$7),16)+1)) -> Lần 2 | G72: 46206 | H72: 98 | I72: 47 | J72: 107 | K72: 61 | M72: =IF(B72="","",IF(OR(G72="",H72="",I72=""),0,1)) -> 1 | N72: =IF(B72="","",IF(OR(G72="",J72="",K72=""),0,1)) -> 1 | O72: =IF(B72="","",IF((J72-0)>200,1,0)) -> 0
A73: =IF(INDIRECT("'DS nhân viên Speedtest'!B"& (38+QUOTIENT(ROW()-ROW($A$7),16)))="","",ROW()-ROW($A$7)+1) -> 67 | B73: =IF(A73="","",B72) -> Tổ Hạ tầng Gò Dầu | C73: =IF(A73="","",INDIRECT("'DS nhân viên Speedtest'!B"& (38+QUOTIENT(A73-1,16)))) -> Phạm Đình Thái | D73: =IF(A73="","",INDIRECT("'DS nhân viên Speedtest'!C"& (38+QUOTIENT(A73-1,16)))) -> 824903077 | E73: =IF(A73="","",INDIRECT("'DS nhân viên Speedtest'!D"& (38+QUOTIENT(A73-1,16)))) -> thaipd.tnh@vnpt.vn | F73: =IF(A73="","","Lần "&(MOD(ROW()-ROW($A$7),16)+1)) -> Lần 3 | G73: 46206 | H73: 121 | I73: 48 | J73: 93 | K73: 57 | M73: =IF(B73="","",IF(OR(G73="",H73="",I73=""),0,1)) -> 1 | N73: =IF(B73="","",IF(OR(G73="",J73="",K73=""),0,1)) -> 1 | O73: =IF(B73="","",IF((J73-0)>200,1,0)) -> 0
A74: =IF(INDIRECT("'DS nhân viên Speedtest'!B"& (38+QUOTIENT(ROW()-ROW($A$7),16)))="","",ROW()-ROW($A$7)+1) -> 68 | B74: =IF(A74="","",B73) -> Tổ Hạ tầng Gò Dầu | C74: =IF(A74="","",INDIRECT("'DS nhân viên Speedtest'!B"& (38+QUOTIENT(A74-1,16)))) -> Phạm Đình Thái | D74: =IF(A74="","",INDIRECT("'DS nhân viên Speedtest'!C"& (38+QUOTIENT(A74-1,16)))) -> 824903077 | E74: =IF(A74="","",INDIRECT("'DS nhân viên Speedtest'!D"& (38+QUOTIENT(A74-1,16)))) -> thaipd.tnh@vnpt.vn | F74: =IF(A74="","","Lần "&(MOD(ROW()-ROW($A$7),16)+1)) -> Lần 4 | G74: 46206 | H74: 103 | I74: 43 | J74: 104 | K74: 61 | M74: =IF(B74="","",IF(OR(G74="",H74="",I74=""),0,1)) -> 1 | N74: =IF(B74="","",IF(OR(G74="",J74="",K74=""),0,1)) -> 1 | O74: =IF(B74="","",IF((J74-0)>200,1,0)) -> 0
A75: =IF(INDIRECT("'DS nhân viên Speedtest'!B"& (38+QUOTIENT(ROW()-ROW($A$7),16)))="","",ROW()-ROW($A$7)+1) -> 69 | B75: =IF(A75="","",B74) -> Tổ Hạ tầng Gò Dầu | C75: =IF(A75="","",INDIRECT("'DS nhân viên Speedtest'!B"& (38+QUOTIENT(A75-1,16)))) -> Phạm Đình Thái | D75: =IF(A75="","",INDIRECT("'DS nhân viên Speedtest'!C"& (38+QUOTIENT(A75-1,16)))) -> 824903077 | E75: =IF(A75="","",INDIRECT("'DS nhân viên Speedtest'!D"& (38+QUOTIENT(A75-1,16)))) -> thaipd.tnh@vnpt.vn | F75: =IF(A75="","","Lần "&(MOD(ROW()-ROW($A$7),16)+1)) -> Lần 5 | G75: 46211 | H75: 89 | I75: 42 | J75: 109 | K75: 14 | M75: =IF(B75="","",IF(OR(G75="",H75="",I75=""),0,1)) -> 1 | N75: =IF(B75="","",IF(OR(G75="",J75="",K75=""),0,1)) -> 1 | O75: =IF(B75="","",IF((J75-0)>200,1,0)) -> 0
A76: =IF(INDIRECT("'DS nhân viên Speedtest'!B"& (38+QUOTIENT(ROW()-ROW($A$7),16)))="","",ROW()-ROW($A$7)+1) -> 70 | B76: =IF(A76="","",B75) -> Tổ Hạ tầng Gò Dầu | C76: =IF(A76="","",INDIRECT("'DS nhân viên Speedtest'!B"& (38+QUOTIENT(A76-1,16)))) -> Phạm Đình Thái | D76: =IF(A76="","",INDIRECT("'DS nhân viên Speedtest'!C"& (38+QUOTIENT(A76-1,16)))) -> 824903077 | E76: =IF(A76="","",INDIRECT("'DS nhân viên Speedtest'!D"& (38+QUOTIENT(A76-1,16)))) -> thaipd.tnh@vnpt.vn | F76: =IF(A76="","","Lần "&(MOD(ROW()-ROW($A$7),16)+1)) -> Lần 6 | G76: 46211 | H76: 106 | I76: 43 | J76: 111 | K76: 58 | M76: =IF(B76="","",IF(OR(G76="",H76="",I76=""),0,1)) -> 1 | N76: =IF(B76="","",IF(OR(G76="",J76="",K76=""),0,1)) -> 1 | O76: =IF(B76="","",IF((J76-0)>200,1,0)) -> 0
A77: =IF(INDIRECT("'DS nhân viên Speedtest'!B"& (38+QUOTIENT(ROW()-ROW($A$7),16)))="","",ROW()-ROW($A$7)+1) -> 71 | B77: =IF(A77="","",B76) -> Tổ Hạ tầng Gò Dầu | C77: =IF(A77="","",INDIRECT("'DS nhân viên Speedtest'!B"& (38+QUOTIENT(A77-1,16)))) -> Phạm Đình Thái | D77: =IF(A77="","",INDIRECT("'DS nhân viên Speedtest'!C"& (38+QUOTIENT(A77-1,16)))) -> 824903077 | E77: =IF(A77="","",INDIRECT("'DS nhân viên Speedtest'!D"& (38+QUOTIENT(A77-1,16)))) -> thaipd.tnh@vnpt.vn | F77: =IF(A77="","","Lần "&(MOD(ROW()-ROW($A$7),16)+1)) -> Lần 7 | G77: 46211 | H77: 93 | I77: 48 | J77: 99 | K77: 59 | M77: =IF(B77="","",IF(OR(G77="",H77="",I77=""),0,1)) -> 1 | N77: =IF(B77="","",IF(OR(G77="",J77="",K77=""),0,1)) -> 1 | O77: =IF(B77="","",IF((J77-0)>200,1,0)) -> 0
A78: =IF(INDIRECT("'DS nhân viên Speedtest'!B"& (38+QUOTIENT(ROW()-ROW($A$7),16)))="","",ROW()-ROW($A$7)+1) -> 72 | B78: =IF(A78="","",B77) -> Tổ Hạ tầng Gò Dầu | C78: =IF(A78="","",INDIRECT("'DS nhân viên Speedtest'!B"& (38+QUOTIENT(A78-1,16)))) -> Phạm Đình Thái | D78: =IF(A78="","",INDIRECT("'DS nhân viên Speedtest'!C"& (38+QUOTIENT(A78-1,16)))) -> 824903077 | E78: =IF(A78="","",INDIRECT("'DS nhân viên Speedtest'!D"& (38+QUOTIENT(A78-1,16)))) -> thaipd.tnh@vnpt.vn | F78: =IF(A78="","","Lần "&(MOD(ROW()-ROW($A$7),16)+1)) -> Lần 8 | G78: 46211 | H78: 99 | I78: 49 | J78: 94 | K78: 51 | M78: =IF(B78="","",IF(OR(G78="",H78="",I78=""),0,1)) -> 1 | N78: =IF(B78="","",IF(OR(G78="",J78="",K78=""),0,1)) -> 1 | O78: =IF(B78="","",IF((J78-0)>200,1,0)) -> 0
A79: =IF(INDIRECT("'DS nhân viên Speedtest'!B"& (38+QUOTIENT(ROW()-ROW($A$7),16)))="","",ROW()-ROW($A$7)+1) -> 73 | B79: =IF(A79="","",B78) -> Tổ Hạ tầng Gò Dầu | C79: =IF(A79="","",INDIRECT("'DS nhân viên Speedtest'!B"& (38+QUOTIENT(A79-1,16)))) -> Phạm Đình Thái | D79: =IF(A79="","",INDIRECT("'DS nhân viên Speedtest'!C"& (38+QUOTIENT(A79-1,16)))) -> 824903077 | E79: =IF(A79="","",INDIRECT("'DS nhân viên Speedtest'!D"& (38+QUOTIENT(A79-1,16)))) -> thaipd.tnh@vnpt.vn | F79: =IF(A79="","","Lần "&(MOD(ROW()-ROW($A$7),16)+1)) -> Lần 9 | G79: 46217 | H79: 128 | I79: 52 | J79: 82 | K79: 51 | M79: =IF(B79="","",IF(OR(G79="",H79="",I79=""),0,1)) -> 1 | N79: =IF(B79="","",IF(OR(G79="",J79="",K79=""),0,1)) -> 1 | O79: =IF(B79="","",IF((J79-0)>200,1,0)) -> 0
A80: =IF(INDIRECT("'DS nhân viên Speedtest'!B"& (38+QUOTIENT(ROW()-ROW($A$7),16)))="","",ROW()-ROW($A$7)+1) -> 74 | B80: =IF(A80="","",B79) -> Tổ Hạ tầng Gò Dầu | C80: =IF(A80="","",INDIRECT("'DS nhân viên Speedtest'!B"& (38+QUOTIENT(A80-1,16)))) -> Phạm Đình Thái | D80: =IF(A80="","",INDIRECT("'DS nhân viên Speedtest'!C"& (38+QUOTIENT(A80-1,16)))) -> 824903077 | E80: =IF(A80="","",INDIRECT("'DS nhân viên Speedtest'!D"& (38+QUOTIENT(A80-1,16)))) -> thaipd.tnh@vnpt.vn | F80: =IF(A80="","","Lần "&(MOD(ROW()-ROW($A$7),16)+1)) -> Lần 10 | G80: 46217 | H80: 132 | I80: 48 | J80: 93 | K80: 53 | M80: =IF(B80="","",IF(OR(G80="",H80="",I80=""),0,1)) -> 1 | N80: =IF(B80="","",IF(OR(G80="",J80="",K80=""),0,1)) -> 1 | O80: =IF(B80="","",IF((J80-0)>200,1,0)) -> 0
A81: =IF(INDIRECT("'DS nhân viên Speedtest'!B"& (38+QUOTIENT(ROW()-ROW($A$7),16)))="","",ROW()-ROW($A$7)+1) -> 75 | B81: =IF(A81="","",B80) -> Tổ Hạ tầng Gò Dầu | C81: =IF(A81="","",INDIRECT("'DS nhân viên Speedtest'!B"& (38+QUOTIENT(A81-1,16)))) -> Phạm Đình Thái | D81: =IF(A81="","",INDIRECT("'DS nhân viên Speedtest'!C"& (38+QUOTIENT(A81-1,16)))) -> 824903077 | E81: =IF(A81="","",INDIRECT("'DS nhân viên Speedtest'!D"& (38+QUOTIENT(A81-1,16)))) -> thaipd.tnh@vnpt.vn | F81: =IF(A81="","","Lần "&(MOD(ROW()-ROW($A$7),16)+1)) -> Lần 11 | G81: 46217 | H81: 102 | I81: 51 | J81: 89 | K81: 53 | M81: =IF(B81="","",IF(OR(G81="",H81="",I81=""),0,1)) -> 1 | N81: =IF(B81="","",IF(OR(G81="",J81="",K81=""),0,1)) -> 1 | O81: =IF(B81="","",IF((J81-0)>200,1,0)) -> 0
A82: =IF(INDIRECT("'DS nhân viên Speedtest'!B"& (38+QUOTIENT(ROW()-ROW($A$7),16)))="","",ROW()-ROW($A$7)+1) -> 76 | B82: =IF(A82="","",B81) -> Tổ Hạ tầng Gò Dầu | C82: =IF(A82="","",INDIRECT("'DS nhân viên Speedtest'!B"& (38+QUOTIENT(A82-1,16)))) -> Phạm Đình Thái | D82: =IF(A82="","",INDIRECT("'DS nhân viên Speedtest'!C"& (38+QUOTIENT(A82-1,16)))) -> 824903077 | E82: =IF(A82="","",INDIRECT("'DS nhân viên Speedtest'!D"& (38+QUOTIENT(A82-1,16)))) -> thaipd.tnh@vnpt.vn | F82: =IF(A82="","","Lần "&(MOD(ROW()-ROW($A$7),16)+1)) -> Lần 12 | G82: 46217 | H82: 103 | I82: 46 | J82: 79 | K82: 14 | M82: =IF(B82="","",IF(OR(G82="",H82="",I82=""),0,1)) -> 1 | N82: =IF(B82="","",IF(OR(G82="",J82="",K82=""),0,1)) -> 1 | O82: =IF(B82="","",IF((J82-0)>200,1,0)) -> 0
A83: =IF(INDIRECT("'DS nhân viên Speedtest'!B"& (38+QUOTIENT(ROW()-ROW($A$7),16)))="","",ROW()-ROW($A$7)+1) -> 77 | B83: =IF(A83="","",B82) -> Tổ Hạ tầng Gò Dầu | C83: =IF(A83="","",INDIRECT("'DS nhân viên Speedtest'!B"& (38+QUOTIENT(A83-1,16)))) -> Phạm Đình Thái | D83: =IF(A83="","",INDIRECT("'DS nhân viên Speedtest'!C"& (38+QUOTIENT(A83-1,16)))) -> 824903077 | E83: =IF(A83="","",INDIRECT("'DS nhân viên Speedtest'!D"& (38+QUOTIENT(A83-1,16)))) -> thaipd.tnh@vnpt.vn | F83: =IF(A83="","","Lần "&(MOD(ROW()-ROW($A$7),16)+1)) -> Lần 13 | G83: 46223 | M83: =IF(B83="","",IF(OR(G83="",H83="",I83=""),0,1)) -> 0 | N83: =IF(B83="","",IF(OR(G83="",J83="",K83=""),0,1)) -> 0 | O83: =IF(B83="","",IF((J83-0)>200,1,0)) -> 0
A84: =IF(INDIRECT("'DS nhân viên Speedtest'!B"& (38+QUOTIENT(ROW()-ROW($A$7),16)))="","",ROW()-ROW($A$7)+1) -> 78 | B84: =IF(A84="","",B83) -> Tổ Hạ tầng Gò Dầu | C84: =IF(A84="","",INDIRECT("'DS nhân viên Speedtest'!B"& (38+QUOTIENT(A84-1,16)))) -> Phạm Đình Thái | D84: =IF(A84="","",INDIRECT("'DS nhân viên Speedtest'!C"& (38+QUOTIENT(A84-1,16)))) -> 824903077 | E84: =IF(A84="","",INDIRECT("'DS nhân viên Speedtest'!D"& (38+QUOTIENT(A84-1,16)))) -> thaipd.tnh@vnpt.vn | F84: =IF(A84="","","Lần "&(MOD(ROW()-ROW($A$7),16)+1)) -> Lần 14 | G84: 46223 | M84: =IF(B84="","",IF(OR(G84="",H84="",I84=""),0,1)) -> 0 | N84: =IF(B84="","",IF(OR(G84="",J84="",K84=""),0,1)) -> 0 | O84: =IF(B84="","",IF((J84-0)>200,1,0)) -> 0
A85: =IF(INDIRECT("'DS nhân viên Speedtest'!B"& (38+QUOTIENT(ROW()-ROW($A$7),16)))="","",ROW()-ROW($A$7)+1) -> 79 | B85: =IF(A85="","",B84) -> Tổ Hạ tầng Gò Dầu | C85: =IF(A85="","",INDIRECT("'DS nhân viên Speedtest'!B"& (38+QUOTIENT(A85-1,16)))) -> Phạm Đình Thái | D85: =IF(A85="","",INDIRECT("'DS nhân viên Speedtest'!C"& (38+QUOTIENT(A85-1,16)))) -> 824903077 | E85: =IF(A85="","",INDIRECT("'DS nhân viên Speedtest'!D"& (38+QUOTIENT(A85-1,16)))) -> thaipd.tnh@vnpt.vn | F85: =IF(A85="","","Lần "&(MOD(ROW()-ROW($A$7),16)+1)) -> Lần 15 | G85: 46223 | M85: =IF(B85="","",IF(OR(G85="",H85="",I85=""),0,1)) -> 0 | N85: =IF(B85="","",IF(OR(G85="",J85="",K85=""),0,1)) -> 0 | O85: =IF(B85="","",IF((J85-0)>200,1,0)) -> 0
A86: =IF(INDIRECT("'DS nhân viên Speedtest'!B"& (38+QUOTIENT(ROW()-ROW($A$7),16)))="","",ROW()-ROW($A$7)+1) -> 80 | B86: =IF(A86="","",B85) -> Tổ Hạ tầng Gò Dầu | C86: =IF(A86="","",INDIRECT("'DS nhân viên Speedtest'!B"& (38+QUOTIENT(A86-1,16)))) -> Phạm Đình Thái | D86: =IF(A86="","",INDIRECT("'DS nhân viên Speedtest'!C"& (38+QUOTIENT(A86-1,16)))) -> 824903077 | E86: =IF(A86="","",INDIRECT("'DS nhân viên Speedtest'!D"& (38+QUOTIENT(A86-1,16)))) -> thaipd.tnh@vnpt.vn | F86: =IF(A86="","","Lần "&(MOD(ROW()-ROW($A$7),16)+1)) -> Lần 16 | G86: 46223 | M86: =IF(B86="","",IF(OR(G86="",H86="",I86=""),0,1)) -> 0 | N86: =IF(B86="","",IF(OR(G86="",J86="",K86=""),0,1)) -> 0 | O86: =IF(B86="","",IF((J86-0)>200,1,0)) -> 0
A87: =IF(INDIRECT("'DS nhân viên Speedtest'!B"& (38+QUOTIENT(ROW()-ROW($A$7),16)))="","",ROW()-ROW($A$7)+1) -> 81 | B87: =IF(A87="","",B86) -> Tổ Hạ tầng Gò Dầu | C87: =IF(A87="","",INDIRECT("'DS nhân viên Speedtest'!B"& (38+QUOTIENT(A87-1,16)))) -> Phan Văn Thành | D87: =IF(A87="","",INDIRECT("'DS nhân viên Speedtest'!C"& (38+QUOTIENT(A87-1,16)))) -> 948308539 | E87: =IF(A87="","",INDIRECT("'DS nhân viên Speedtest'!D"& (38+QUOTIENT(A87-1,16)))) -> thanhpv.tnh@vnpt.vn | F87: =IF(A87="","","Lần "&(MOD(ROW()-ROW($A$7),16)+1)) -> Lần 1 | G87: 46206 | H87: 104 | I87: 40 | J87: 118 | K87: 38 | M87: =IF(B87="","",IF(OR(G87="",H87="",I87=""),0,1)) -> 1 | N87: =IF(B87="","",IF(OR(G87="",J87="",K87=""),0,1)) -> 1 | O87: =IF(B87="","",IF((J87-0)>200,1,0)) -> 0
A88: =IF(INDIRECT("'DS nhân viên Speedtest'!B"& (38+QUOTIENT(ROW()-ROW($A$7),16)))="","",ROW()-ROW($A$7)+1) -> 82 | B88: =IF(A88="","",B87) -> Tổ Hạ tầng Gò Dầu | C88: =IF(A88="","",INDIRECT("'DS nhân viên Speedtest'!B"& (38+QUOTIENT(A88-1,16)))) -> Phan Văn Thành | D88: =IF(A88="","",INDIRECT("'DS nhân viên Speedtest'!C"& (38+QUOTIENT(A88-1,16)))) -> 948308539 | E88: =IF(A88="","",INDIRECT("'DS nhân viên Speedtest'!D"& (38+QUOTIENT(A88-1,16)))) -> thanhpv.tnh@vnpt.vn | F88: =IF(A88="","","Lần "&(MOD(ROW()-ROW($A$7),16)+1)) -> Lần 2 | G88: 46206 | H88: 107 | I88: 42 | J88: 92 | K88: 41 | M88: =IF(B88="","",IF(OR(G88="",H88="",I88=""),0,1)) -> 1 | N88: =IF(B88="","",IF(OR(G88="",J88="",K88=""),0,1)) -> 1 | O88: =IF(B88="","",IF((J88-0)>200,1,0)) -> 0
A89: =IF(INDIRECT("'DS nhân viên Speedtest'!B"& (38+QUOTIENT(ROW()-ROW($A$7),16)))="","",ROW()-ROW($A$7)+1) -> 83 | B89: =IF(A89="","",B88) -> Tổ Hạ tầng Gò Dầu | C89: =IF(A89="","",INDIRECT("'DS nhân viên Speedtest'!B"& (38+QUOTIENT(A89-1,16)))) -> Phan Văn Thành | D89: =IF(A89="","",INDIRECT("'DS nhân viên Speedtest'!C"& (38+QUOTIENT(A89-1,16)))) -> 948308539 | E89: =IF(A89="","",INDIRECT("'DS nhân viên Speedtest'!D"& (38+QUOTIENT(A89-1,16)))) -> thanhpv.tnh@vnpt.vn | F89: =IF(A89="","","Lần "&(MOD(ROW()-ROW($A$7),16)+1)) -> Lần 3 | G89: 46206 | H89: 102 | I89: 40 | J89: 94 | K89: 41 | M89: =IF(B89="","",IF(OR(G89="",H89="",I89=""),0,1)) -> 1 | N89: =IF(B89="","",IF(OR(G89="",J89="",K89=""),0,1)) -> 1 | O89: =IF(B89="","",IF((J89-0)>200,1,0)) -> 0
A90: =IF(INDIRECT("'DS nhân viên Speedtest'!B"& (38+QUOTIENT(ROW()-ROW($A$7),16)))="","",ROW()-ROW($A$7)+1) -> 84 | B90: =IF(A90="","",B89) -> Tổ Hạ tầng Gò Dầu | C90: =IF(A90="","",INDIRECT("'DS nhân viên Speedtest'!B"& (38+QUOTIENT(A90-1,16)))) -> Phan Văn Thành | D90: =IF(A90="","",INDIRECT("'DS nhân viên Speedtest'!C"& (38+QUOTIENT(A90-1,16)))) -> 948308539 | E90: =IF(A90="","",INDIRECT("'DS nhân viên Speedtest'!D"& (38+QUOTIENT(A90-1,16)))) -> thanhpv.tnh@vnpt.vn | F90: =IF(A90="","","Lần "&(MOD(ROW()-ROW($A$7),16)+1)) -> Lần 4 | G90: 46206 | H90: 76 | I90: 39 | J90: 99 | K90: 42 | M90: =IF(B90="","",IF(OR(G90="",H90="",I90=""),0,1)) -> 1 | N90: =IF(B90="","",IF(OR(G90="",J90="",K90=""),0,1)) -> 1 | O90: =IF(B90="","",IF((J90-0)>200,1,0)) -> 0
A91: =IF(INDIRECT("'DS nhân viên Speedtest'!B"& (38+QUOTIENT(ROW()-ROW($A$7),16)))="","",ROW()-ROW($A$7)+1) -> 85 | B91: =IF(A91="","",B90) -> Tổ Hạ tầng Gò Dầu | C91: =IF(A91="","",INDIRECT("'DS nhân viên Speedtest'!B"& (38+QUOTIENT(A91-1,16)))) -> Phan Văn Thành | D91: =IF(A91="","",INDIRECT("'DS nhân viên Speedtest'!C"& (38+QUOTIENT(A91-1,16)))) -> 948308539 | E91: =IF(A91="","",INDIRECT("'DS nhân viên Speedtest'!D"& (38+QUOTIENT(A91-1,16)))) -> thanhpv.tnh@vnpt.vn | F91: =IF(A91="","","Lần "&(MOD(ROW()-ROW($A$7),16)+1)) -> Lần 5 | G91: 46211 | H91: 97 | I91: 39 | J91: 95 | K91: 41 | M91: =IF(B91="","",IF(OR(G91="",H91="",I91=""),0,1)) -> 1 | N91: =IF(B91="","",IF(OR(G91="",J91="",K91=""),0,1)) -> 1 | O91: =IF(B91="","",IF((J91-0)>200,1,0)) -> 0
A92: =IF(INDIRECT("'DS nhân viên Speedtest'!B"& (38+QUOTIENT(ROW()-ROW($A$7),16)))="","",ROW()-ROW($A$7)+1) -> 86 | B92: =IF(A92="","",B91) -> Tổ Hạ tầng Gò Dầu | C92: =IF(A92="","",INDIRECT("'DS nhân viên Speedtest'!B"& (38+QUOTIENT(A92-1,16)))) -> Phan Văn Thành | D92: =IF(A92="","",INDIRECT("'DS nhân viên Speedtest'!C"& (38+QUOTIENT(A92-1,16)))) -> 948308539 | E92: =IF(A92="","",INDIRECT("'DS nhân viên Speedtest'!D"& (38+QUOTIENT(A92-1,16)))) -> thanhpv.tnh@vnpt.vn | F92: =IF(A92="","","Lần "&(MOD(ROW()-ROW($A$7),16)+1)) -> Lần 6 | G92: 46211 | H92: 70 | I92: 19 | J92: 101 | K92: 40 | M92: =IF(B92="","",IF(OR(G92="",H92="",I92=""),0,1)) -> 1 | N92: =IF(B92="","",IF(OR(G92="",J92="",K92=""),0,1)) -> 1 | O92: =IF(B92="","",IF((J92-0)>200,1,0)) -> 0
A93: =IF(INDIRECT("'DS nhân viên Speedtest'!B"& (38+QUOTIENT(ROW()-ROW($A$7),16)))="","",ROW()-ROW($A$7)+1) -> 87 | B93: =IF(A93="","",B92) -> Tổ Hạ tầng Gò Dầu | C93: =IF(A93="","",INDIRECT("'DS nhân viên Speedtest'!B"& (38+QUOTIENT(A93-1,16)))) -> Phan Văn Thành | D93: =IF(A93="","",INDIRECT("'DS nhân viên Speedtest'!C"& (38+QUOTIENT(A93-1,16)))) -> 948308539 | E93: =IF(A93="","",INDIRECT("'DS nhân viên Speedtest'!D"& (38+QUOTIENT(A93-1,16)))) -> thanhpv.tnh@vnpt.vn | F93: =IF(A93="","","Lần "&(MOD(ROW()-ROW($A$7),16)+1)) -> Lần 7 | G93: 46211 | H93: 76 | I93: 19 | J93: 106 | K93: 41 | M93: =IF(B93="","",IF(OR(G93="",H93="",I93=""),0,1)) -> 1 | N93: =IF(B93="","",IF(OR(G93="",J93="",K93=""),0,1)) -> 1 | O93: =IF(B93="","",IF((J93-0)>200,1,0)) -> 0
A94: =IF(INDIRECT("'DS nhân viên Speedtest'!B"& (38+QUOTIENT(ROW()-ROW($A$7),16)))="","",ROW()-ROW($A$7)+1) -> 88 | B94: =IF(A94="","",B93) -> Tổ Hạ tầng Gò Dầu | C94: =IF(A94="","",INDIRECT("'DS nhân viên Speedtest'!B"& (38+QUOTIENT(A94-1,16)))) -> Phan Văn Thành | D94: =IF(A94="","",INDIRECT("'DS nhân viên Speedtest'!C"& (38+QUOTIENT(A94-1,16)))) -> 948308539 | E94: =IF(A94="","",INDIRECT("'DS nhân viên Speedtest'!D"& (38+QUOTIENT(A94-1,16)))) -> thanhpv.tnh@vnpt.vn | F94: =IF(A94="","","Lần "&(MOD(ROW()-ROW($A$7),16)+1)) -> Lần 8 | G94: 46211 | H94: 73 | I94: 22 | J94: 97 | K94: 41 | M94: =IF(B94="","",IF(OR(G94="",H94="",I94=""),0,1)) -> 1 | N94: =IF(B94="","",IF(OR(G94="",J94="",K94=""),0,1)) -> 1 | O94: =IF(B94="","",IF((J94-0)>200,1,0)) -> 0
A95: =IF(INDIRECT("'DS nhân viên Speedtest'!B"& (38+QUOTIENT(ROW()-ROW($A$7),16)))="","",ROW()-ROW($A$7)+1) -> 89 | B95: =IF(A95="","",B94) -> Tổ Hạ tầng Gò Dầu | C95: =IF(A95="","",INDIRECT("'DS nhân viên Speedtest'!B"& (38+QUOTIENT(A95-1,16)))) -> Phan Văn Thành | D95: =IF(A95="","",INDIRECT("'DS nhân viên Speedtest'!C"& (38+QUOTIENT(A95-1,16)))) -> 948308539 | E95: =IF(A95="","",INDIRECT("'DS nhân viên Speedtest'!D"& (38+QUOTIENT(A95-1,16)))) -> thanhpv.tnh@vnpt.vn | F95: =IF(A95="","","Lần "&(MOD(ROW()-ROW($A$7),16)+1)) -> Lần 9 | G95: 46217 | H95: 90 | I95: 52 | J95: 85 | K95: 42 | M95: =IF(B95="","",IF(OR(G95="",H95="",I95=""),0,1)) -> 1 | N95: =IF(B95="","",IF(OR(G95="",J95="",K95=""),0,1)) -> 1 | O95: =IF(B95="","",IF((J95-0)>200,1,0)) -> 0
A96: =IF(INDIRECT("'DS nhân viên Speedtest'!B"& (38+QUOTIENT(ROW()-ROW($A$7),16)))="","",ROW()-ROW($A$7)+1) -> 90 | B96: =IF(A96="","",B95) -> Tổ Hạ tầng Gò Dầu | C96: =IF(A96="","",INDIRECT("'DS nhân viên Speedtest'!B"& (38+QUOTIENT(A96-1,16)))) -> Phan Văn Thành | D96: =IF(A96="","",INDIRECT("'DS nhân viên Speedtest'!C"& (38+QUOTIENT(A96-1,16)))) -> 948308539 | E96: =IF(A96="","",INDIRECT("'DS nhân viên Speedtest'!D"& (38+QUOTIENT(A96-1,16)))) -> thanhpv.tnh@vnpt.vn | F96: =IF(A96="","","Lần "&(MOD(ROW()-ROW($A$7),16)+1)) -> Lần 10 | G96: 46217 | H96: 73 | I96: 22 | J96: 99 | K96: 42 | M96: =IF(B96="","",IF(OR(G96="",H96="",I96=""),0,1)) -> 1 | N96: =IF(B96="","",IF(OR(G96="",J96="",K96=""),0,1)) -> 1 | O96: =IF(B96="","",IF((J96-0)>200,1,0)) -> 0
A97: =IF(INDIRECT("'DS nhân viên Speedtest'!B"& (38+QUOTIENT(ROW()-ROW($A$7),16)))="","",ROW()-ROW($A$7)+1) -> 91 | B97: =IF(A97="","",B96) -> Tổ Hạ tầng Gò Dầu | C97: =IF(A97="","",INDIRECT("'DS nhân viên Speedtest'!B"& (38+QUOTIENT(A97-1,16)))) -> Phan Văn Thành | D97: =IF(A97="","",INDIRECT("'DS nhân viên Speedtest'!C"& (38+QUOTIENT(A97-1,16)))) -> 948308539 | E97: =IF(A97="","",INDIRECT("'DS nhân viên Speedtest'!D"& (38+QUOTIENT(A97-1,16)))) -> thanhpv.tnh@vnpt.vn | F97: =IF(A97="","","Lần "&(MOD(ROW()-ROW($A$7),16)+1)) -> Lần 11 | G97: 46217 | H97: 90 | I97: 52 | J97: 101 | K97: 40 | M97: =IF(B97="","",IF(OR(G97="",H97="",I97=""),0,1)) -> 1 | N97: =IF(B97="","",IF(OR(G97="",J97="",K97=""),0,1)) -> 1 | O97: =IF(B97="","",IF((J97-0)>200,1,0)) -> 0
A98: =IF(INDIRECT("'DS nhân viên Speedtest'!B"& (38+QUOTIENT(ROW()-ROW($A$7),16)))="","",ROW()-ROW($A$7)+1) -> 92 | B98: =IF(A98="","",B97) -> Tổ Hạ tầng Gò Dầu | C98: =IF(A98="","",INDIRECT("'DS nhân viên Speedtest'!B"& (38+QUOTIENT(A98-1,16)))) -> Phan Văn Thành | D98: =IF(A98="","",INDIRECT("'DS nhân viên Speedtest'!C"& (38+QUOTIENT(A98-1,16)))) -> 948308539 | E98: =IF(A98="","",INDIRECT("'DS nhân viên Speedtest'!D"& (38+QUOTIENT(A98-1,16)))) -> thanhpv.tnh@vnpt.vn | F98: =IF(A98="","","Lần "&(MOD(ROW()-ROW($A$7),16)+1)) -> Lần 12 | G98: 46217 | H98: 71 | I98: 43 | J98: 106 | K98: 41 | M98: =IF(B98="","",IF(OR(G98="",H98="",I98=""),0,1)) -> 1 | N98: =IF(B98="","",IF(OR(G98="",J98="",K98=""),0,1)) -> 1 | O98: =IF(B98="","",IF((J98-0)>200,1,0)) -> 0
A99: =IF(INDIRECT("'DS nhân viên Speedtest'!B"& (38+QUOTIENT(ROW()-ROW($A$7),16)))="","",ROW()-ROW($A$7)+1) -> 93 | B99: =IF(A99="","",B98) -> Tổ Hạ tầng Gò Dầu | C99: =IF(A99="","",INDIRECT("'DS nhân viên Speedtest'!B"& (38+QUOTIENT(A99-1,16)))) -> Phan Văn Thành | D99: =IF(A99="","",INDIRECT("'DS nhân viên Speedtest'!C"& (38+QUOTIENT(A99-1,16)))) -> 948308539 | E99: =IF(A99="","",INDIRECT("'DS nhân viên Speedtest'!D"& (38+QUOTIENT(A99-1,16)))) -> thanhpv.tnh@vnpt.vn | F99: =IF(A99="","","Lần "&(MOD(ROW()-ROW($A$7),16)+1)) -> Lần 13 | G99: 46223 | M99: =IF(B99="","",IF(OR(G99="",H99="",I99=""),0,1)) -> 0 | N99: =IF(B99="","",IF(OR(G99="",J99="",K99=""),0,1)) -> 0 | O99: =IF(B99="","",IF((J99-0)>200,1,0)) -> 0
A100: =IF(INDIRECT("'DS nhân viên Speedtest'!B"& (38+QUOTIENT(ROW()-ROW($A$7),16)))="","",ROW()-ROW($A$7)+1) -> 94 | B100: =IF(A100="","",B99) -> Tổ Hạ tầng Gò Dầu | C100: =IF(A100="","",INDIRECT("'DS nhân viên Speedtest'!B"& (38+QUOTIENT(A100-1,16)))) -> Phan Văn Thành | D100: =IF(A100="","",INDIRECT("'DS nhân viên Speedtest'!C"& (38+QUOTIENT(A100-1,16)))) -> 948308539 | E100: =IF(A100="","",INDIRECT("'DS nhân viên Speedtest'!D"& (38+QUOTIENT(A100-1,16)))) -> thanhpv.tnh@vnpt.vn | F100: =IF(A100="","","Lần "&(MOD(ROW()-ROW($A$7),16)+1)) -> Lần 14 | G100: 46223 | M100: =IF(B100="","",IF(OR(G100="",H100="",I100=""),0,1)) -> 0 | N100: =IF(B100="","",IF(OR(G100="",J100="",K100=""),0,1)) -> 0 | O100: =IF(B100="","",IF((J100-0)>200,1,0)) -> 0
...

Sheet Tổ Đức Hòa
A1: ='Tổ Bến Lức'!A1 -> TRUNG TÂM HẠ TẦNG Kỳ báo cáo: tháng 07 năm 2026 | M1: Kết quả đo (Không điền cột này) | O1: Tổng mẫu đã đo
O2: =COUNTA(J7:J294) -> 21
O3: Tỉ lệ mẫu đo 5G
O4: =IF(O2=0, 0, O6/O2) -> 0.23809524
A5: STT | B5: Tổ Hạ Tầng | C5: Tên người thực hiện | D5: SĐT-TEST | E5: Email | F5: Lần đo | G5: Ngày đo DD/MM/YY | H5: i-Speed | J5: SpeedTest | L5: Ghi chú | M5: i-Speed | N5: SpeedTest | O5: 5G
H6: Tốc độ Download | I6: Tốc độ Upload | J6: Tốc độ Download | K6: Tốc độ Upload | M6: =SUM(M7:M470) -> 23 | N6: =SUM(N7:N470) -> 21 | O6: =SUM(O7:O999) -> 5
A7: =IF(INDIRECT("'DS nhân viên Speedtest'!B"& (20+QUOTIENT(ROW()-ROW($A$7),16)))="","",ROW()-ROW($A$7)+1) -> 1 | B7: =IF(A7="","","Tổ Hạ tầng " & 'Báo cáo'!B3) -> Tổ Hạ tầng Đức Hòa | C7: =IF(A7="","",INDIRECT("'DS nhân viên Speedtest'!B"& (20+QUOTIENT(A7-1,16)))) -> Nguyễn Minh Tùng | D7: =IF(A7="","",INDIRECT("'DS nhân viên Speedtest'!C"& (20+QUOTIENT(A7-1,16)))) -> 919786039 | E7: =IF(A7="","",INDIRECT("'DS nhân viên Speedtest'!D"& (20+QUOTIENT(A7-1,16)))) -> tungnm.lan@vnpt.vn | F7: =IF(A7="","","Lần "&(MOD(ROW()-ROW($A$7),16)+1)) -> Lần 1 | M7: =IF(B7="","",IF(OR(G7="",H7="",I7=""),0,1)) -> 0 | N7: =IF(B7="","",IF(OR(G7="",J7="",K7=""),0,1)) -> 0 | O7: =IF(B7="","",IF((J7-0)>200,1,0)) -> 0
A8: =IF(INDIRECT("'DS nhân viên Speedtest'!B"& (20+QUOTIENT(ROW()-ROW($A$7),16)))="","",ROW()-ROW($A$7)+1) -> 2 | B8: =IF(A8="","",B7) -> Tổ Hạ tầng Đức Hòa | C8: =IF(A8="","",INDIRECT("'DS nhân viên Speedtest'!B"& (20+QUOTIENT(A8-1,16)))) -> Nguyễn Minh Tùng | D8: =IF(A8="","",INDIRECT("'DS nhân viên Speedtest'!C"& (20+QUOTIENT(A8-1,16)))) -> 919786039 | E8: =IF(A8="","",INDIRECT("'DS nhân viên Speedtest'!D"& (20+QUOTIENT(A8-1,16)))) -> tungnm.lan@vnpt.vn | F8: =IF(A8="","","Lần "&(MOD(ROW()-ROW($A$7),16)+1)) -> Lần 2 | M8: =IF(B8="","",IF(OR(G8="",H8="",I8=""),0,1)) -> 0 | N8: =IF(B8="","",IF(OR(G8="",J8="",K8=""),0,1)) -> 0 | O8: =IF(B8="","",IF((J8-0)>200,1,0)) -> 0
A9: =IF(INDIRECT("'DS nhân viên Speedtest'!B"& (20+QUOTIENT(ROW()-ROW($A$7),16)))="","",ROW()-ROW($A$7)+1) -> 3 | B9: =IF(A9="","",B8) -> Tổ Hạ tầng Đức Hòa | C9: =IF(A9="","",INDIRECT("'DS nhân viên Speedtest'!B"& (20+QUOTIENT(A9-1,16)))) -> Nguyễn Minh Tùng | D9: =IF(A9="","",INDIRECT("'DS nhân viên Speedtest'!C"& (20+QUOTIENT(A9-1,16)))) -> 919786039 | E9: =IF(A9="","",INDIRECT("'DS nhân viên Speedtest'!D"& (20+QUOTIENT(A9-1,16)))) -> tungnm.lan@vnpt.vn | F9: =IF(A9="","","Lần "&(MOD(ROW()-ROW($A$7),16)+1)) -> Lần 3 | M9: =IF(B9="","",IF(OR(G9="",H9="",I9=""),0,1)) -> 0 | N9: =IF(B9="","",IF(OR(G9="",J9="",K9=""),0,1)) -> 0 | O9: =IF(B9="","",IF((J9-0)>200,1,0)) -> 0
A10: =IF(INDIRECT("'DS nhân viên Speedtest'!B"& (20+QUOTIENT(ROW()-ROW($A$7),16)))="","",ROW()-ROW($A$7)+1) -> 4 | B10: =IF(A10="","",B9) -> Tổ Hạ tầng Đức Hòa | C10: =IF(A10="","",INDIRECT("'DS nhân viên Speedtest'!B"& (20+QUOTIENT(A10-1,16)))) -> Nguyễn Minh Tùng | D10: =IF(A10="","",INDIRECT("'DS nhân viên Speedtest'!C"& (20+QUOTIENT(A10-1,16)))) -> 919786039 | E10: =IF(A10="","",INDIRECT("'DS nhân viên Speedtest'!D"& (20+QUOTIENT(A10-1,16)))) -> tungnm.lan@vnpt.vn | F10: =IF(A10="","","Lần "&(MOD(ROW()-ROW($A$7),16)+1)) -> Lần 4 | M10: =IF(B10="","",IF(OR(G10="",H10="",I10=""),0,1)) -> 0 | N10: =IF(B10="","",IF(OR(G10="",J10="",K10=""),0,1)) -> 0 | O10: =IF(B10="","",IF((J10-0)>200,1,0)) -> 0
A11: =IF(INDIRECT("'DS nhân viên Speedtest'!B"& (20+QUOTIENT(ROW()-ROW($A$7),16)))="","",ROW()-ROW($A$7)+1) -> 5 | B11: =IF(A11="","",B10) -> Tổ Hạ tầng Đức Hòa | C11: =IF(A11="","",INDIRECT("'DS nhân viên Speedtest'!B"& (20+QUOTIENT(A11-1,16)))) -> Nguyễn Minh Tùng | D11: =IF(A11="","",INDIRECT("'DS nhân viên Speedtest'!C"& (20+QUOTIENT(A11-1,16)))) -> 919786039 | E11: =IF(A11="","",INDIRECT("'DS nhân viên Speedtest'!D"& (20+QUOTIENT(A11-1,16)))) -> tungnm.lan@vnpt.vn | F11: =IF(A11="","","Lần "&(MOD(ROW()-ROW($A$7),16)+1)) -> Lần 5 | M11: =IF(B11="","",IF(OR(G11="",H11="",I11=""),0,1)) -> 0 | N11: =IF(B11="","",IF(OR(G11="",J11="",K11=""),0,1)) -> 0 | O11: =IF(B11="","",IF((J11-0)>200,1,0)) -> 0
A12: =IF(INDIRECT("'DS nhân viên Speedtest'!B"& (20+QUOTIENT(ROW()-ROW($A$7),16)))="","",ROW()-ROW($A$7)+1) -> 6 | B12: =IF(A12="","",B11) -> Tổ Hạ tầng Đức Hòa | C12: =IF(A12="","",INDIRECT("'DS nhân viên Speedtest'!B"& (20+QUOTIENT(A12-1,16)))) -> Nguyễn Minh Tùng | D12: =IF(A12="","",INDIRECT("'DS nhân viên Speedtest'!C"& (20+QUOTIENT(A12-1,16)))) -> 919786039 | E12: =IF(A12="","",INDIRECT("'DS nhân viên Speedtest'!D"& (20+QUOTIENT(A12-1,16)))) -> tungnm.lan@vnpt.vn | F12: =IF(A12="","","Lần "&(MOD(ROW()-ROW($A$7),16)+1)) -> Lần 6 | M12: =IF(B12="","",IF(OR(G12="",H12="",I12=""),0,1)) -> 0 | N12: =IF(B12="","",IF(OR(G12="",J12="",K12=""),0,1)) -> 0 | O12: =IF(B12="","",IF((J12-0)>200,1,0)) -> 0
A13: =IF(INDIRECT("'DS nhân viên Speedtest'!B"& (20+QUOTIENT(ROW()-ROW($A$7),16)))="","",ROW()-ROW($A$7)+1) -> 7 | B13: =IF(A13="","",B12) -> Tổ Hạ tầng Đức Hòa | C13: =IF(A13="","",INDIRECT("'DS nhân viên Speedtest'!B"& (20+QUOTIENT(A13-1,16)))) -> Nguyễn Minh Tùng | D13: =IF(A13="","",INDIRECT("'DS nhân viên Speedtest'!C"& (20+QUOTIENT(A13-1,16)))) -> 919786039 | E13: =IF(A13="","",INDIRECT("'DS nhân viên Speedtest'!D"& (20+QUOTIENT(A13-1,16)))) -> tungnm.lan@vnpt.vn | F13: =IF(A13="","","Lần "&(MOD(ROW()-ROW($A$7),16)+1)) -> Lần 7 | M13: =IF(B13="","",IF(OR(G13="",H13="",I13=""),0,1)) -> 0 | N13: =IF(B13="","",IF(OR(G13="",J13="",K13=""),0,1)) -> 0 | O13: =IF(B13="","",IF((J13-0)>200,1,0)) -> 0
A14: =IF(INDIRECT("'DS nhân viên Speedtest'!B"& (20+QUOTIENT(ROW()-ROW($A$7),16)))="","",ROW()-ROW($A$7)+1) -> 8 | B14: =IF(A14="","",B13) -> Tổ Hạ tầng Đức Hòa | C14: =IF(A14="","",INDIRECT("'DS nhân viên Speedtest'!B"& (20+QUOTIENT(A14-1,16)))) -> Nguyễn Minh Tùng | D14: =IF(A14="","",INDIRECT("'DS nhân viên Speedtest'!C"& (20+QUOTIENT(A14-1,16)))) -> 919786039 | E14: =IF(A14="","",INDIRECT("'DS nhân viên Speedtest'!D"& (20+QUOTIENT(A14-1,16)))) -> tungnm.lan@vnpt.vn | F14: =IF(A14="","","Lần "&(MOD(ROW()-ROW($A$7),16)+1)) -> Lần 8 | M14: =IF(B14="","",IF(OR(G14="",H14="",I14=""),0,1)) -> 0 | N14: =IF(B14="","",IF(OR(G14="",J14="",K14=""),0,1)) -> 0 | O14: =IF(B14="","",IF((J14-0)>200,1,0)) -> 0
A15: =IF(INDIRECT("'DS nhân viên Speedtest'!B"& (20+QUOTIENT(ROW()-ROW($A$7),16)))="","",ROW()-ROW($A$7)+1) -> 9 | B15: =IF(A15="","",B14) -> Tổ Hạ tầng Đức Hòa | C15: =IF(A15="","",INDIRECT("'DS nhân viên Speedtest'!B"& (20+QUOTIENT(A15-1,16)))) -> Nguyễn Minh Tùng | D15: =IF(A15="","",INDIRECT("'DS nhân viên Speedtest'!C"& (20+QUOTIENT(A15-1,16)))) -> 919786039 | E15: =IF(A15="","",INDIRECT("'DS nhân viên Speedtest'!D"& (20+QUOTIENT(A15-1,16)))) -> tungnm.lan@vnpt.vn | F15: =IF(A15="","","Lần "&(MOD(ROW()-ROW($A$7),16)+1)) -> Lần 9 | M15: =IF(B15="","",IF(OR(G15="",H15="",I15=""),0,1)) -> 0 | N15: =IF(B15="","",IF(OR(G15="",J15="",K15=""),0,1)) -> 0 | O15: =IF(B15="","",IF((J15-0)>200,1,0)) -> 0
A16: =IF(INDIRECT("'DS nhân viên Speedtest'!B"& (20+QUOTIENT(ROW()-ROW($A$7),16)))="","",ROW()-ROW($A$7)+1) -> 10 | B16: =IF(A16="","",B15) -> Tổ Hạ tầng Đức Hòa | C16: =IF(A16="","",INDIRECT("'DS nhân viên Speedtest'!B"& (20+QUOTIENT(A16-1,16)))) -> Nguyễn Minh Tùng | D16: =IF(A16="","",INDIRECT("'DS nhân viên Speedtest'!C"& (20+QUOTIENT(A16-1,16)))) -> 919786039 | E16: =IF(A16="","",INDIRECT("'DS nhân viên Speedtest'!D"& (20+QUOTIENT(A16-1,16)))) -> tungnm.lan@vnpt.vn | F16: =IF(A16="","","Lần "&(MOD(ROW()-ROW($A$7),16)+1)) -> Lần 10 | M16: =IF(B16="","",IF(OR(G16="",H16="",I16=""),0,1)) -> 0 | N16: =IF(B16="","",IF(OR(G16="",J16="",K16=""),0,1)) -> 0 | O16: =IF(B16="","",IF((J16-0)>200,1,0)) -> 0
A17: =IF(INDIRECT("'DS nhân viên Speedtest'!B"& (20+QUOTIENT(ROW()-ROW($A$7),16)))="","",ROW()-ROW($A$7)+1) -> 11 | B17: =IF(A17="","",B16) -> Tổ Hạ tầng Đức Hòa | C17: =IF(A17="","",INDIRECT("'DS nhân viên Speedtest'!B"& (20+QUOTIENT(A17-1,16)))) -> Nguyễn Minh Tùng | D17: =IF(A17="","",INDIRECT("'DS nhân viên Speedtest'!C"& (20+QUOTIENT(A17-1,16)))) -> 919786039 | E17: =IF(A17="","",INDIRECT("'DS nhân viên Speedtest'!D"& (20+QUOTIENT(A17-1,16)))) -> tungnm.lan@vnpt.vn | F17: =IF(A17="","","Lần "&(MOD(ROW()-ROW($A$7),16)+1)) -> Lần 11 | M17: =IF(B17="","",IF(OR(G17="",H17="",I17=""),0,1)) -> 0 | N17: =IF(B17="","",IF(OR(G17="",J17="",K17=""),0,1)) -> 0 | O17: =IF(B17="","",IF((J17-0)>200,1,0)) -> 0
A18: =IF(INDIRECT("'DS nhân viên Speedtest'!B"& (20+QUOTIENT(ROW()-ROW($A$7),16)))="","",ROW()-ROW($A$7)+1) -> 12 | B18: =IF(A18="","",B17) -> Tổ Hạ tầng Đức Hòa | C18: =IF(A18="","",INDIRECT("'DS nhân viên Speedtest'!B"& (20+QUOTIENT(A18-1,16)))) -> Nguyễn Minh Tùng | D18: =IF(A18="","",INDIRECT("'DS nhân viên Speedtest'!C"& (20+QUOTIENT(A18-1,16)))) -> 919786039 | E18: =IF(A18="","",INDIRECT("'DS nhân viên Speedtest'!D"& (20+QUOTIENT(A18-1,16)))) -> tungnm.lan@vnpt.vn | F18: =IF(A18="","","Lần "&(MOD(ROW()-ROW($A$7),16)+1)) -> Lần 12 | M18: =IF(B18="","",IF(OR(G18="",H18="",I18=""),0,1)) -> 0 | N18: =IF(B18="","",IF(OR(G18="",J18="",K18=""),0,1)) -> 0 | O18: =IF(B18="","",IF((J18-0)>200,1,0)) -> 0
A19: =IF(INDIRECT("'DS nhân viên Speedtest'!B"& (20+QUOTIENT(ROW()-ROW($A$7),16)))="","",ROW()-ROW($A$7)+1) -> 13 | B19: =IF(A19="","",B18) -> Tổ Hạ tầng Đức Hòa | C19: =IF(A19="","",INDIRECT("'DS nhân viên Speedtest'!B"& (20+QUOTIENT(A19-1,16)))) -> Nguyễn Minh Tùng | D19: =IF(A19="","",INDIRECT("'DS nhân viên Speedtest'!C"& (20+QUOTIENT(A19-1,16)))) -> 919786039 | E19: =IF(A19="","",INDIRECT("'DS nhân viên Speedtest'!D"& (20+QUOTIENT(A19-1,16)))) -> tungnm.lan@vnpt.vn | F19: =IF(A19="","","Lần "&(MOD(ROW()-ROW($A$7),16)+1)) -> Lần 13 | M19: =IF(B19="","",IF(OR(G19="",H19="",I19=""),0,1)) -> 0 | N19: =IF(B19="","",IF(OR(G19="",J19="",K19=""),0,1)) -> 0 | O19: =IF(B19="","",IF((J19-0)>200,1,0)) -> 0
... A38: =IF(INDIRECT("'DS nhân viên Speedtest'!B"& (20+QUOTIENT(ROW()-ROW($A$7),16)))="","",ROW()-ROW($A$7)+1) -> 32 | B38: =IF(A38="","",B37) -> Tổ Hạ tầng Đức Hòa | C38: =IF(A38="","",INDIRECT("'DS nhân viên Speedtest'!B"& (20+QUOTIENT(A38-1,16)))) -> Nguyễn Công Giang | D38: =IF(A38="","",INDIRECT("'DS nhân viên Speedtest'!C"& (20+QUOTIENT(A38-1,16)))) -> 941254259 | E38: =IF(A38="","",INDIRECT("'DS nhân viên Speedtest'!D"& (20+QUOTIENT(A38-1,16)))) -> giangnc.lan@vnpt.vn | F38: =IF(A38="","","Lần "&(MOD(ROW()-ROW($A$7),16)+1)) -> Lần 16 | M38: =IF(B38="","",IF(OR(G38="",H38="",I38=""),0,1)) -> 0 | N38: =IF(B38="","",IF(OR(G38="",J38="",K38=""),0,1)) -> 0 | O38: =IF(B38="","",IF((J38-0)>200,1,0)) -> 0
A39: =IF(INDIRECT("'DS nhân viên Speedtest'!B"& (20+QUOTIENT(ROW()-ROW($A$7),16)))="","",ROW()-ROW($A$7)+1) -> 33 | B39: =IF(A39="","",B38) -> Tổ Hạ tầng Đức Hòa | C39: =IF(A39="","",INDIRECT("'DS nhân viên Speedtest'!B"& (20+QUOTIENT(A39-1,16)))) -> Nguyễn Phước Lộc | D39: =IF(A39="","",INDIRECT("'DS nhân viên Speedtest'!C"& (20+QUOTIENT(A39-1,16)))) -> 888802064 | E39: =IF(A39="","",INDIRECT("'DS nhân viên Speedtest'!D"& (20+QUOTIENT(A39-1,16)))) -> nploc.lan@vnpt.vn | F39: =IF(A39="","","Lần "&(MOD(ROW()-ROW($A$7),16)+1)) -> Lần 1 | G39: 46208 | H39: 78 | I39: 14 | J39: 73 | K39: 11 | M39: =IF(B39="","",IF(OR(G39="",H39="",I39=""),0,1)) -> 1 | N39: =IF(B39="","",IF(OR(G39="",J39="",K39=""),0,1)) -> 1 | O39: =IF(B39="","",IF((J39-0)>200,1,0)) -> 0
A40: =IF(INDIRECT("'DS nhân viên Speedtest'!B"& (20+QUOTIENT(ROW()-ROW($A$7),16)))="","",ROW()-ROW($A$7)+1) -> 34 | B40: =IF(A40="","",B39) -> Tổ Hạ tầng Đức Hòa | C40: =IF(A40="","",INDIRECT("'DS nhân viên Speedtest'!B"& (20+QUOTIENT(A40-1,16)))) -> Nguyễn Phước Lộc | D40: =IF(A40="","",INDIRECT("'DS nhân viên Speedtest'!C"& (20+QUOTIENT(A40-1,16)))) -> 888802064 | E40: =IF(A40="","",INDIRECT("'DS nhân viên Speedtest'!D"& (20+QUOTIENT(A40-1,16)))) -> nploc.lan@vnpt.vn | F40: =IF(A40="","","Lần "&(MOD(ROW()-ROW($A$7),16)+1)) -> Lần 2 | G40: 46209 | H40: 132 | I40: 21 | J40: 100 | K40: 14 | M40: =IF(B40="","",IF(OR(G40="",H40="",I40=""),0,1)) -> 1 | N40: =IF(B40="","",IF(OR(G40="",J40="",K40=""),0,1)) -> 1 | O40: =IF(B40="","",IF((J40-0)>200,1,0)) -> 0
A41: =IF(INDIRECT("'DS nhân viên Speedtest'!B"& (20+QUOTIENT(ROW()-ROW($A$7),16)))="","",ROW()-ROW($A$7)+1) -> 35 | B41: =IF(A41="","",B40) -> Tổ Hạ tầng Đức Hòa | C41: =IF(A41="","",INDIRECT("'DS nhân viên Speedtest'!B"& (20+QUOTIENT(A41-1,16)))) -> Nguyễn Phước Lộc | D41: =IF(A41="","",INDIRECT("'DS nhân viên Speedtest'!C"& (20+QUOTIENT(A41-1,16)))) -> 888802064 | E41: =IF(A41="","",INDIRECT("'DS nhân viên Speedtest'!D"& (20+QUOTIENT(A41-1,16)))) -> nploc.lan@vnpt.vn | F41: =IF(A41="","","Lần "&(MOD(ROW()-ROW($A$7),16)+1)) -> Lần 3 | G41: 46209 | H41: 107 | I41: 15 | J41: 98 | K41: 21 | M41: =IF(B41="","",IF(OR(G41="",H41="",I41=""),0,1)) -> 1 | N41: =IF(B41="","",IF(OR(G41="",J41="",K41=""),0,1)) -> 1 | O41: =IF(B41="","",IF((J41-0)>200,1,0)) -> 0
A42: =IF(INDIRECT("'DS nhân viên Speedtest'!B"& (20+QUOTIENT(ROW()-ROW($A$7),16)))="","",ROW()-ROW($A$7)+1) -> 36 | B42: =IF(A42="","",B41) -> Tổ Hạ tầng Đức Hòa | C42: =IF(A42="","",INDIRECT("'DS nhân viên Speedtest'!B"& (20+QUOTIENT(A42-1,16)))) -> Nguyễn Phước Lộc | D42: =IF(A42="","",INDIRECT("'DS nhân viên Speedtest'!C"& (20+QUOTIENT(A42-1,16)))) -> 888802064 | E42: =IF(A42="","",INDIRECT("'DS nhân viên Speedtest'!D"& (20+QUOTIENT(A42-1,16)))) -> nploc.lan@vnpt.vn | F42: =IF(A42="","","Lần "&(MOD(ROW()-ROW($A$7),16)+1)) -> Lần 4 | G42: 46209 | H42: 77 | I42: 46 | J42: 82 | K42: 13 | M42: =IF(B42="","",IF(OR(G42="",H42="",I42=""),0,1)) -> 1 | N42: =IF(B42="","",IF(OR(G42="",J42="",K42=""),0,1)) -> 1 | O42: =IF(B42="","",IF((J42-0)>200,1,0)) -> 0
A43: =IF(INDIRECT("'DS nhân viên Speedtest'!B"& (20+QUOTIENT(ROW()-ROW($A$7),16)))="","",ROW()-ROW($A$7)+1) -> 37 | B43: =IF(A43="","",B42) -> Tổ Hạ tầng Đức Hòa | C43: =IF(A43="","",INDIRECT("'DS nhân viên Speedtest'!B"& (20+QUOTIENT(A43-1,16)))) -> Nguyễn Phước Lộc | D43: =IF(A43="","",INDIRECT("'DS nhân viên Speedtest'!C"& (20+QUOTIENT(A43-1,16)))) -> 888802064 | E43: =IF(A43="","",INDIRECT("'DS nhân viên Speedtest'!D"& (20+QUOTIENT(A43-1,16)))) -> nploc.lan@vnpt.vn | F43: =IF(A43="","","Lần "&(MOD(ROW()-ROW($A$7),16)+1)) -> Lần 5 | G43: 46209 | H43: 95 | I43: 53 | J43: 93 | K43: 47 | M43: =IF(B43="","",IF(OR(G43="",H43="",I43=""),0,1)) -> 1 | N43: =IF(B43="","",IF(OR(G43="",J43="",K43=""),0,1)) -> 1 | O43: =IF(B43="","",IF((J43-0)>200,1,0)) -> 0
A44: =IF(INDIRECT("'DS nhân viên Speedtest'!B"& (20+QUOTIENT(ROW()-ROW($A$7),16)))="","",ROW()-ROW($A$7)+1) -> 38 | B44: =IF(A44="","",B43) -> Tổ Hạ tầng Đức Hòa | C44: =IF(A44="","",INDIRECT("'DS nhân viên Speedtest'!B"& (20+QUOTIENT(A44-1,16)))) -> Nguyễn Phước Lộc | D44: =IF(A44="","",INDIRECT("'DS nhân viên Speedtest'!C"& (20+QUOTIENT(A44-1,16)))) -> 888802064 | E44: =IF(A44="","",INDIRECT("'DS nhân viên Speedtest'!D"& (20+QUOTIENT(A44-1,16)))) -> nploc.lan@vnpt.vn | F44: =IF(A44="","","Lần "&(MOD(ROW()-ROW($A$7),16)+1)) -> Lần 6 | G44: 46209 | H44: 135 | I44: 53 | J44: 99 | K44: 51 | M44: =IF(B44="","",IF(OR(G44="",H44="",I44=""),0,1)) -> 1 | N44: =IF(B44="","",IF(OR(G44="",J44="",K44=""),0,1)) -> 1 | O44: =IF(B44="","",IF((J44-0)>200,1,0)) -> 0
A45: =IF(INDIRECT("'DS nhân viên Speedtest'!B"& (20+QUOTIENT(ROW()-ROW($A$7),16)))="","",ROW()-ROW($A$7)+1) -> 39 | B45: =IF(A45="","",B44) -> Tổ Hạ tầng Đức Hòa | C45: =IF(A45="","",INDIRECT("'DS nhân viên Speedtest'!B"& (20+QUOTIENT(A45-1,16)))) -> Nguyễn Phước Lộc | D45: =IF(A45="","",INDIRECT("'DS nhân viên Speedtest'!C"& (20+QUOTIENT(A45-1,16)))) -> 888802064 | E45: =IF(A45="","",INDIRECT("'DS nhân viên Speedtest'!D"& (20+QUOTIENT(A45-1,16)))) -> nploc.lan@vnpt.vn | F45: =IF(A45="","","Lần "&(MOD(ROW()-ROW($A$7),16)+1)) -> Lần 7 | G45: 46209 | H45: 65 | I45: 47 | M45: =IF(B45="","",IF(OR(G45="",H45="",I45=""),0,1)) -> 1 | N45: =IF(B45="","",IF(OR(G45="",J45="",K45=""),0,1)) -> 0 | O45: =IF(B45="","",IF((J45-0)>200,1,0)) -> 0
A46: =IF(INDIRECT("'DS nhân viên Speedtest'!B"& (20+QUOTIENT(ROW()-ROW($A$7),16)))="","",ROW()-ROW($A$7)+1) -> 40 | B46: =IF(A46="","",B45) -> Tổ Hạ tầng Đức Hòa | C46: =IF(A46="","",INDIRECT("'DS nhân viên Speedtest'!B"& (20+QUOTIENT(A46-1,16)))) -> Nguyễn Phước Lộc | D46: =IF(A46="","",INDIRECT("'DS nhân viên Speedtest'!C"& (20+QUOTIENT(A46-1,16)))) -> 888802064 | E46: =IF(A46="","",INDIRECT("'DS nhân viên Speedtest'!D"& (20+QUOTIENT(A46-1,16)))) -> nploc.lan@vnpt.vn | F46: =IF(A46="","","Lần "&(MOD(ROW()-ROW($A$7),16)+1)) -> Lần 8 | G46: 46209 | H46: 101 | I46: 46 | M46: =IF(B46="","",IF(OR(G46="",H46="",I46=""),0,1)) -> 1 | N46: =IF(B46="","",IF(OR(G46="",J46="",K46=""),0,1)) -> 0 | O46: =IF(B46="","",IF((J46-0)>200,1,0)) -> 0
A47: =IF(INDIRECT("'DS nhân viên Speedtest'!B"& (20+QUOTIENT(ROW()-ROW($A$7),16)))="","",ROW()-ROW($A$7)+1) -> 41 | B47: =IF(A47="","",B46) -> Tổ Hạ tầng Đức Hòa | C47: =IF(A47="","",INDIRECT("'DS nhân viên Speedtest'!B"& (20+QUOTIENT(A47-1,16)))) -> Nguyễn Phước Lộc | D47: =IF(A47="","",INDIRECT("'DS nhân viên Speedtest'!C"& (20+QUOTIENT(A47-1,16)))) -> 888802064 | E47: =IF(A47="","",INDIRECT("'DS nhân viên Speedtest'!D"& (20+QUOTIENT(A47-1,16)))) -> nploc.lan@vnpt.vn | F47: =IF(A47="","","Lần "&(MOD(ROW()-ROW($A$7),16)+1)) -> Lần 9 | M47: =IF(B47="","",IF(OR(G47="",H47="",I47=""),0,1)) -> 0 | N47: =IF(B47="","",IF(OR(G47="",J47="",K47=""),0,1)) -> 0 | O47: =IF(B47="","",IF((J47-0)>200,1,0)) -> 0
A48: =IF(INDIRECT("'DS nhân viên Speedtest'!B"& (20+QUOTIENT(ROW()-ROW($A$7),16)))="","",ROW()-ROW($A$7)+1) -> 42 | B48: =IF(A48="","",B47) -> Tổ Hạ tầng Đức Hòa | C48: =IF(A48="","",INDIRECT("'DS nhân viên Speedtest'!B"& (20+QUOTIENT(A48-1,16)))) -> Nguyễn Phước Lộc | D48: =IF(A48="","",INDIRECT("'DS nhân viên Speedtest'!C"& (20+QUOTIENT(A48-1,16)))) -> 888802064 | E48: =IF(A48="","",INDIRECT("'DS nhân viên Speedtest'!D"& (20+QUOTIENT(A48-1,16)))) -> nploc.lan@vnpt.vn | F48: =IF(A48="","","Lần "&(MOD(ROW()-ROW($A$7),16)+1)) -> Lần 10 | M48: =IF(B48="","",IF(OR(G48="",H48="",I48=""),0,1)) -> 0 | N48: =IF(B48="","",IF(OR(G48="",J48="",K48=""),0,1)) -> 0 | O48: =IF(B48="","",IF((J48-0)>200,1,0)) -> 0
A49: =IF(INDIRECT("'DS nhân viên Speedtest'!B"& (20+QUOTIENT(ROW()-ROW($A$7),16)))="","",ROW()-ROW($A$7)+1) -> 43 | B49: =IF(A49="","",B48) -> Tổ Hạ tầng Đức Hòa | C49: =IF(A49="","",INDIRECT("'DS nhân viên Speedtest'!B"& (20+QUOTIENT(A49-1,16)))) -> Nguyễn Phước Lộc | D49: =IF(A49="","",INDIRECT("'DS nhân viên Speedtest'!C"& (20+QUOTIENT(A49-1,16)))) -> 888802064 | E49: =IF(A49="","",INDIRECT("'DS nhân viên Speedtest'!D"& (20+QUOTIENT(A49-1,16)))) -> nploc.lan@vnpt.vn | F49: =IF(A49="","","Lần "&(MOD(ROW()-ROW($A$7),16)+1)) -> Lần 11 | M49: =IF(B49="","",IF(OR(G49="",H49="",I49=""),0,1)) -> 0 | N49: =IF(B49="","",IF(OR(G49="",J49="",K49=""),0,1)) -> 0 | O49: =IF(B49="","",IF((J49-0)>200,1,0)) -> 0
A50: =IF(INDIRECT("'DS nhân viên Speedtest'!B"& (20+QUOTIENT(ROW()-ROW($A$7),16)))="","",ROW()-ROW($A$7)+1) -> 44 | B50: =IF(A50="","",B49) -> Tổ Hạ tầng Đức Hòa | C50: =IF(A50="","",INDIRECT("'DS nhân viên Speedtest'!B"& (20+QUOTIENT(A50-1,16)))) -> Nguyễn Phước Lộc | D50: =IF(A50="","",INDIRECT("'DS nhân viên Speedtest'!C"& (20+QUOTIENT(A50-1,16)))) -> 888802064 | E50: =IF(A50="","",INDIRECT("'DS nhân viên Speedtest'!D"& (20+QUOTIENT(A50-1,16)))) -> nploc.lan@vnpt.vn | F50: =IF(A50="","","Lần "&(MOD(ROW()-ROW($A$7),16)+1)) -> Lần 12 | M50: =IF(B50="","",IF(OR(G50="",H50="",I50=""),0,1)) -> 0 | N50: =IF(B50="","",IF(OR(G50="",J50="",K50=""),0,1)) -> 0 | O50: =IF(B50="","",IF((J50-0)>200,1,0)) -> 0
A51: =IF(INDIRECT("'DS nhân viên Speedtest'!B"& (20+QUOTIENT(ROW()-ROW($A$7),16)))="","",ROW()-ROW($A$7)+1) -> 45 | B51: =IF(A51="","",B50) -> Tổ Hạ tầng Đức Hòa | C51: =IF(A51="","",INDIRECT("'DS nhân viên Speedtest'!B"& (20+QUOTIENT(A51-1,16)))) -> Nguyễn Phước Lộc | D51: =IF(A51="","",INDIRECT("'DS nhân viên Speedtest'!C"& (20+QUOTIENT(A51-1,16)))) -> 888802064 | E51: =IF(A51="","",INDIRECT("'DS nhân viên Speedtest'!D"& (20+QUOTIENT(A51-1,16)))) -> nploc.lan@vnpt.vn | F51: =IF(A51="","","Lần "&(MOD(ROW()-ROW($A$7),16)+1)) -> Lần 13 | M51: =IF(B51="","",IF(OR(G51="",H51="",I51=""),0,1)) -> 0 | N51: =IF(B51="","",IF(OR(G51="",J51="",K51=""),0,1)) -> 0 | O51: =IF(B51="","",IF((J51-0)>200,1,0)) -> 0
A52: =IF(INDIRECT("'DS nhân viên Speedtest'!B"& (20+QUOTIENT(ROW()-ROW($A$7),16)))="","",ROW()-ROW($A$7)+1) -> 46 | B52: =IF(A52="","",B51) -> Tổ Hạ tầng Đức Hòa | C52: =IF(A52="","",INDIRECT("'DS nhân viên Speedtest'!B"& (20+QUOTIENT(A52-1,16)))) -> Nguyễn Phước Lộc | D52: =IF(A52="","",INDIRECT("'DS nhân viên Speedtest'!C"& (20+QUOTIENT(A52-1,16)))) -> 888802064 | E52: =IF(A52="","",INDIRECT("'DS nhân viên Speedtest'!D"& (20+QUOTIENT(A52-1,16)))) -> nploc.lan@vnpt.vn | F52: =IF(A52="","","Lần "&(MOD(ROW()-ROW($A$7),16)+1)) -> Lần 14 | M52: =IF(B52="","",IF(OR(G52="",H52="",I52=""),0,1)) -> 0 | N52: =IF(B52="","",IF(OR(G52="",J52="",K52=""),0,1)) -> 0 | O52: =IF(B52="","",IF((J52-0)>200,1,0)) -> 0
A53: =IF(INDIRECT("'DS nhân viên Speedtest'!B"& (20+QUOTIENT(ROW()-ROW($A$7),16)))="","",ROW()-ROW($A$7)+1) -> 47 | B53: =IF(A53="","",B52) -> Tổ Hạ tầng Đức Hòa | C53: =IF(A53="","",INDIRECT("'DS nhân viên Speedtest'!B"& (20+QUOTIENT(A53-1,16)))) -> Nguyễn Phước Lộc | D53: =IF(A53="","",INDIRECT("'DS nhân viên Speedtest'!C"& (20+QUOTIENT(A53-1,16)))) -> 888802064 | E53: =IF(A53="","",INDIRECT("'DS nhân viên Speedtest'!D"& (20+QUOTIENT(A53-1,16)))) -> nploc.lan@vnpt.vn | F53: =IF(A53="","","Lần "&(MOD(ROW()-ROW($A$7),16)+1)) -> Lần 15 | M53: =IF(B53="","",IF(OR(G53="",H53="",I53=""),0,1)) -> 0 | N53: =IF(B53="","",IF(OR(G53="",J53="",K53=""),0,1)) -> 0 | O53: =IF(B53="","",IF((J53-0)>200,1,0)) -> 0
A54: =IF(INDIRECT("'DS nhân viên Speedtest'!B"& (20+QUOTIENT(ROW()-ROW($A$7),16)))="","",ROW()-ROW($A$7)+1) -> 48 | B54: =IF(A54="","",B53) -> Tổ Hạ tầng Đức Hòa | C54: =IF(A54="","",INDIRECT("'DS nhân viên Speedtest'!B"& (20+QUOTIENT(A54-1,16)))) -> Nguyễn Phước Lộc | D54: =IF(A54="","",INDIRECT("'DS nhân viên Speedtest'!C"& (20+QUOTIENT(A54-1,16)))) -> 888802064 | E54: =IF(A54="","",INDIRECT("'DS nhân viên Speedtest'!D"& (20+QUOTIENT(A54-1,16)))) -> nploc.lan@vnpt.vn | F54: =IF(A54="","","Lần "&(MOD(ROW()-ROW($A$7),16)+1)) -> Lần 16 | M54: =IF(B54="","",IF(OR(G54="",H54="",I54=""),0,1)) -> 0 | N54: =IF(B54="","",IF(OR(G54="",J54="",K54=""),0,1)) -> 0 | O54: =IF(B54="","",IF((J54-0)>200,1,0)) -> 0
A55: =IF(INDIRECT("'DS nhân viên Speedtest'!B"& (20+QUOTIENT(ROW()-ROW($A$7),16)))="","",ROW()-ROW($A$7)+1) -> 49 | B55: =IF(A55="","",B54) -> Tổ Hạ tầng Đức Hòa | C55: =IF(A55="","",INDIRECT("'DS nhân viên Speedtest'!B"& (20+QUOTIENT(A55-1,16)))) -> Phạm Tiến Dũng | D55: =IF(A55="","",INDIRECT("'DS nhân viên Speedtest'!C"& (20+QUOTIENT(A55-1,16)))) -> 915907377 | E55: =IF(A55="","",INDIRECT("'DS nhân viên Speedtest'!D"& (20+QUOTIENT(A55-1,16)))) -> dungpt.lan@vnpt.vn | F55: =IF(A55="","","Lần "&(MOD(ROW()-ROW($A$7),16)+1)) -> Lần 1 | G55: 46208 | H55: 83 | I55: 37.9 | J55: 72 | K55: 37.2 | M55: =IF(B55="","",IF(OR(G55="",H55="",I55=""),0,1)) -> 1 | N55: =IF(B55="","",IF(OR(G55="",J55="",K55=""),0,1)) -> 1 | O55: =IF(B55="","",IF((J55-0)>200,1,0)) -> 0
A56: =IF(INDIRECT("'DS nhân viên Speedtest'!B"& (20+QUOTIENT(ROW()-ROW($A$7),16)))="","",ROW()-ROW($A$7)+1) -> 50 | B56: =IF(A56="","",B55) -> Tổ Hạ tầng Đức Hòa | C56: =IF(A56="","",INDIRECT("'DS nhân viên Speedtest'!B"& (20+QUOTIENT(A56-1,16)))) -> Phạm Tiến Dũng | D56: =IF(A56="","",INDIRECT("'DS nhân viên Speedtest'!C"& (20+QUOTIENT(A56-1,16)))) -> 915907377 | E56: =IF(A56="","",INDIRECT("'DS nhân viên Speedtest'!D"& (20+QUOTIENT(A56-1,16)))) -> dungpt.lan@vnpt.vn | F56: =IF(A56="","","Lần "&(MOD(ROW()-ROW($A$7),16)+1)) -> Lần 2 | G56: 46214 | H56: 81.9 | I56: 44.2 | J56: 73.1 | K56: 50 | M56: =IF(B56="","",IF(OR(G56="",H56="",I56=""),0,1)) -> 1 | N56: =IF(B56="","",IF(OR(G56="",J56="",K56=""),0,1)) -> 1 | O56: =IF(B56="","",IF((J56-0)>200,1,0)) -> 0
A57: =IF(INDIRECT("'DS nhân viên Speedtest'!B"& (20+QUOTIENT(ROW()-ROW($A$7),16)))="","",ROW()-ROW($A$7)+1) -> 51 | B57: =IF(A57="","",B56) -> Tổ Hạ tầng Đức Hòa | C57: =IF(A57="","",INDIRECT("'DS nhân viên Speedtest'!B"& (20+QUOTIENT(A57-1,16)))) -> Phạm Tiến Dũng | D57: =IF(A57="","",INDIRECT("'DS nhân viên Speedtest'!C"& (20+QUOTIENT(A57-1,16)))) -> 915907377 | E57: =IF(A57="","",INDIRECT("'DS nhân viên Speedtest'!D"& (20+QUOTIENT(A57-1,16)))) -> dungpt.lan@vnpt.vn | F57: =IF(A57="","","Lần "&(MOD(ROW()-ROW($A$7),16)+1)) -> Lần 3 | G57: 46215 | H57: 79.8 | I57: 14.8 | J57: 64.4 | K57: 17.7 | M57: =IF(B57="","",IF(OR(G57="",H57="",I57=""),0,1)) -> 1 | N57: =IF(B57="","",IF(OR(G57="",J57="",K57=""),0,1)) -> 1 | O57: =IF(B57="","",IF((J57-0)>200,1,0)) -> 0
A58: =IF(INDIRECT("'DS nhân viên Speedtest'!B"& (20+QUOTIENT(ROW()-ROW($A$7),16)))="","",ROW()-ROW($A$7)+1) -> 52 | B58: =IF(A58="","",B57) -> Tổ Hạ tầng Đức Hòa | C58: =IF(A58="","",INDIRECT("'DS nhân viên Speedtest'!B"& (20+QUOTIENT(A58-1,16)))) -> Phạm Tiến Dũng | D58: =IF(A58="","",INDIRECT("'DS nhân viên Speedtest'!C"& (20+QUOTIENT(A58-1,16)))) -> 915907377 | E58: =IF(A58="","",INDIRECT("'DS nhân viên Speedtest'!D"& (20+QUOTIENT(A58-1,16)))) -> dungpt.lan@vnpt.vn | F58: =IF(A58="","","Lần "&(MOD(ROW()-ROW($A$7),16)+1)) -> Lần 4 | G58: 46215 | H58: 237 | I58: 20.4 | J58: 164.4 | K58: 31.1 | M58: =IF(B58="","",IF(OR(G58="",H58="",I58=""),0,1)) -> 1 | N58: =IF(B58="","",IF(OR(G58="",J58="",K58=""),0,1)) -> 1 | O58: =IF(B58="","",IF((J58-0)>200,1,0)) -> 0
A59: =IF(INDIRECT("'DS nhân viên Speedtest'!B"& (20+QUOTIENT(ROW()-ROW($A$7),16)))="","",ROW()-ROW($A$7)+1) -> 53 | B59: =IF(A59="","",B58) -> Tổ Hạ tầng Đức Hòa | C59: =IF(A59="","",INDIRECT("'DS nhân viên Speedtest'!B"& (20+QUOTIENT(A59-1,16)))) -> Phạm Tiến Dũng | D59: =IF(A59="","",INDIRECT("'DS nhân viên Speedtest'!C"& (20+QUOTIENT(A59-1,16)))) -> 915907377 | E59: =IF(A59="","",INDIRECT("'DS nhân viên Speedtest'!D"& (20+QUOTIENT(A59-1,16)))) -> dungpt.lan@vnpt.vn | F59: =IF(A59="","","Lần "&(MOD(ROW()-ROW($A$7),16)+1)) -> Lần 5 | M59: =IF(B59="","",IF(OR(G59="",H59="",I59=""),0,1)) -> 0 | N59: =IF(B59="","",IF(OR(G59="",J59="",K59=""),0,1)) -> 0 | O59: =IF(B59="","",IF((J59-0)>200,1,0)) -> 0
A60: =IF(INDIRECT("'DS nhân viên Speedtest'!B"& (20+QUOTIENT(ROW()-ROW($A$7),16)))="","",ROW()-ROW($A$7)+1) -> 54 | B60: =IF(A60="","",B59) -> Tổ Hạ tầng Đức Hòa | C60: =IF(A60="","",INDIRECT("'DS nhân viên Speedtest'!B"& (20+QUOTIENT(A60-1,16)))) -> Phạm Tiến Dũng | D60: =IF(A60="","",INDIRECT("'DS nhân viên Speedtest'!C"& (20+QUOTIENT(A60-1,16)))) -> 915907377 | E60: =IF(A60="","",INDIRECT("'DS nhân viên Speedtest'!D"& (20+QUOTIENT(A60-1,16)))) -> dungpt.lan@vnpt.vn | F60: =IF(A60="","","Lần "&(MOD(ROW()-ROW($A$7),16)+1)) -> Lần 6 | M60: =IF(B60="","",IF(OR(G60="",H60="",I60=""),0,1)) -> 0 | N60: =IF(B60="","",IF(OR(G60="",J60="",K60=""),0,1)) -> 0 | O60: =IF(B60="","",IF((J60-0)>200,1,0)) -> 0
A61: =IF(INDIRECT("'DS nhân viên Speedtest'!B"& (20+QUOTIENT(ROW()-ROW($A$7),16)))="","",ROW()-ROW($A$7)+1) -> 55 | B61: =IF(A61="","",B60) -> Tổ Hạ tầng Đức Hòa | C61: =IF(A61="","",INDIRECT("'DS nhân viên Speedtest'!B"& (20+QUOTIENT(A61-1,16)))) -> Phạm Tiến Dũng | D61: =IF(A61="","",INDIRECT("'DS nhân viên Speedtest'!C"& (20+QUOTIENT(A61-1,16)))) -> 915907377 | E61: =IF(A61="","",INDIRECT("'DS nhân viên Speedtest'!D"& (20+QUOTIENT(A61-1,16)))) -> dungpt.lan@vnpt.vn | F61: =IF(A61="","","Lần "&(MOD(ROW()-ROW($A$7),16)+1)) -> Lần 7 | M61: =IF(B61="","",IF(OR(G61="",H61="",I61=""),0,1)) -> 0 | N61: =IF(B61="","",IF(OR(G61="",J61="",K61=""),0,1)) -> 0 | O61: =IF(B61="","",IF((J61-0)>200,1,0)) -> 0
